YEAR,VEHICLE,PURCHASER,DATE
11,MKX,ALEXANDRIA,10/15/2018
12,CARAVAN,ALEXANDRIA,10/15/2018
10,MAZDA 6,ALEXANDRIA,10/15/2018
11,EDGE,ALEXANDRIA,10/15/2018
13,CARAVAN,ALEXANDRIA,10/15/2018
10,F150,ALEXANDRIA,10/15/2018
17,FUSION H,ADESA,10/10/2018
16,MKX,ADESA,10/10/2018
15,FUSION H,ADESA,10/10/2018
17,F150,TERRACE,10/24/2018
16,MKX,TERRACE,10/24/2018
16,EXPLORER,TERRACE,10/24/2018
15,TAURAS,TERRACE,10/24/2018
16,F150,TERRACE,10/24/2018
15,EDGE,TERRACE,10/24/2018
13,FORTE,TERRACE,10/24/2018
15,MKC,TERRACE,10/24/2018
15,ESCAPE,TERRACE,10/24/2018
16,EXPLORER,TERRACE,10/24/2018
16,EDGE,TERRACE,10/24/2018
16,JOURNEY,RED DEER,10/2/2018
14,CX9,RED DEER,10/2/2018
14,CX5,RED DEER,10/2/2018
11,IS350,RED DEER,10/2/2018
10,F150,RED DEER,10/2/2018
10,F150,RED DEER,10/2/2018
16,CX5,RED DEER,10/2/2018
16,ODYSSEY,PRESTIGE,10/24/2018
15,CHEROKEE,PRESTIGE,10/24/2018
14,ESCAPE,PRESTIGE,10/24/2018
16,F150,PRESTIGE,10/24/2018
16,SORENTO,DURHAM KIA,10/24/2018
17,SORENTO,DURHAM KIA,10/24/2018
15,F150,DURHAM KIA,11/2/2018
15,F150,DURHAM KIA,11/2/2018
11,1500,ALEXANDRIA,10/29/2018
13,KIZASHI,ALEXANDRIA,10/29/2018
10,JOURNEY,ALEXANDRIA,10/29/2018
14,FOCUS,ALEXANDRIA,10/29/2018
11,RANGER,AUTO LEASING,11/5/2018
15,ESCAPE,AUTO LEASING,10/30/2018
16,F150,AUTO LEASING,10/30/2018
15,F150,AUTO LEASING,10/30/2018
12,F150,AUTO LEASING,11/5/2018
16,SILVERADO,AUTO LEASING,10/30/2018
16,CHEROKEE,AUTO LEASING,10/30/2018
12,EXPEDITION,AUTO LEASING,11/5/2018
10,F150,AUTO LEASING,10/30/2018
10,MKZ,S&D MOTOR,11/2/2018
5,MUSTANG,S&D MOTOR,11/2/2018
10,F150,S&D MOTOR,11/2/2018
14,CARAVAN,S&D MOTOR,11/2/2018
7,MDX,S&D MOTOR,11/2/2018
11,TIGUAN,S&D MOTOR,11/2/2018
10,JOURNEY,S&D MOTOR,11/2/2018
10,TRIBUTE,S&D MOTOR,11/2/2018
15,ESCAPE,ALEXANDRIA,11/7/2018
7,EQUINOX,ALEXANDRIA,11/7/2018
9,AUDI Q7,ALEXANDRIA,11/7/2018
13,ESCAPE,ALEXANDRIA,11/7/2018
14,FRS,RED DEER,11/20/2018
16,SANTA FE,RED DEER,11/20/2018
12,F150,AUTO LEASING,11/11/2018
12,SILVERADO,AUTO LEASING,11/11/2018
11,F150,AUTO LEASING,11/11/2018
13,CIVIC,AUTO LEASING,11/11/2018
11,CARAVAN,AUTO LEASING,11/11/2018
10,CADILLAC,AUTO LEASING,11/11/2018
14,F150,AUTO LEASING,11/11/2018
8,MONTANA,AUTO LEASING,11/11/2018
17,EXPLORER,ADESA,5/28/2018
16,MAZDA CX5,PRESTIGE,11/23/2018
18,TUNDRA,PRESTIGE,11/23/2018
17,MAZDA CX3,PRESTIGE,11/23/2018
8,WRANGLER,ALEXANDRIA,11/11/2018
8,IMPALA,ALEXANDRIA,11/11/2018
5,MUSTANG,ALEXANDRIA,11/11/2018
7,XTERRA,ALEXANDRIA,11/11/2018
13,ESCAPE,ALEXANDRIA,11/11/2018
14,F150,AUTO LEASING,11/21/2018
14,ESCAPE,AUTO LEASING,11/21/2018
7,RAM 1500,ALEXANDRIA,12/4/2018
8,CHRYSLER,ALEXANDRIA,12/4/2018
7,F150,ALEXANDRIA,12/4/2018
12,CHRYSLER,ALEXANDRIA,12/4/2018
9,SILVERADO,ALEXANDRIA,12/4/2018
5,BMW X5,SOCKET SCRAP,12/4/2018
2,CENTURY,SOCKET SCRAP,12/4/2018
6,TAURUS,SOCKET SCRAP,12/4/2018
5,AVEO,SOCKET SCRAP,12/4/2018
5,MAZDA 3,SOCKET SCRAP,12/4/2018
11,TRANSIT,SOCKET SCRAP,10/31/2018
6,ACURA TL,SOCKET SCRAP,10/31/2018
2,BUICK,SOCKET SCRAP,10/31/2018
11,JOURNEY,SOCKET SCRAP,10/31/2018
5,BMW X5,SOCKET SCRAP,10/31/2018
1,VOLVO S60,SOCKET SCRAP,10/31/2018
10,ESCAPE,SOCKET SCRAP,10/31/2018
11,AUDI S4,RED DEER,12/9/2018
13,INFINITI JX35,RED DEER,12/9/2018
12,NISSAN VAN,RED DEER,12/9/2018
12,F150,AUTO LEASING,12/7/2018
9,ESCAPE,AUTO LEASING,12/7/2018
15,F150,AUTO LEASING,12/7/2018
14,F150,AUTO LEASING,12/7/2018
15,SILVERADO,AUTO LEASING,12/7/2018
14,ODYSSEY,PRESTIGE,12/11/2018
16,CIVIC,PRESTIGE,12/11/2018
6,MONTANA,SOCKET SCRAP,12/14/2018
10,HHR,SOCKET SCRAP,12/14/2018
4,SENTRA,SOCKET SCRAP,12/14/2018
5,F150,SOCKET SCRAP,12/14/2018
8,F150,ALEXANDRIA,12/14/2018
8,CARAVAN,ALEXANDRIA,12/14/2018
7,F150,ALEXANDRIA,12/14/2018
9,ACCORD,ALEXANDRIA,12/14/2018
7,F150,ALEXANDRIA,12/14/2018
16,RAM 1500,AUTO LEASING,12/17/2018
8,SANTA FE,AUTO LEASING,12/17/2018
11,F150,AUTO LEASING,12/17/2018
10,CARAVAN,AUTO LEASING,12/17/2018
9,F150,AUTO LEASING,12/17/2018
12,FOCUS,MANHEIM,10/16/2018
17,EXPLORER,MANHEIM,10/16/2018
13,F150,MANHEIM,10/16/2018
14,F150,MANHEIM,10/16/2018
9,MERCEDES,MANHEIM,10/16/2018
10,MERCEDES,MANHEIM,10/16/2018
10,EDGE,MANHEIM,10/16/2018
15,EXPLORER,MANHEIM,10/16/2018
11,TOWN CAR,MANHEIM,9/13/2018
15,EDGE,MANHEIM,10/16/2018
15,TACOMA,MANHEIM,10/16/2018
15,EXPLORER,MANHEIM,10/16/2018
15,FIESTA,MANHEIM,10/16/2018
15,FOCUS,MANHEIM,10/16/2018
13,F150,MANHEIM,10/23/2018
13,BMW,MANHEIM,10/16/2018
16,EXPLORER,MANHEIM,10/23/2018
13,F150,MANHEIM,10/23/2018
11,F150,MANHEIM,10/31/2018
6,MDX,MANHEIM,10/16/2018
12,FOCUS,MANHEIM,10/16/2018
16,F150,AUTO LEASING,12/16/2018
10,F150,AUTO LEASING,12/16/2018
11,F150,AUTO LEASING,12/16/2018
16,F150,AUTO LEASING,12/16/2018
7,SATURN,SOCKET SCRAP,1/4/2019
5,MAZDA,SOCKET SCRAP,1/4/2019
8,PATRIOT,SOCKET SCRAP,1/4/2019
7,PATRIOT,SOCKET SCRAP,1/4/2019
7,MAZDA 3,SOCKET SCRAP,1/4/2019
8,ENCORE,ALEXANDRIA,12/31/2018
8,MERCEDES,ALEXANDRIA,12/31/2018
10,JOURNEY,ALEXANDRIA,12/31/2018
8,ENCLAVE,ALEXANDRIA,12/31/2018
10,CARAVAN,ALEXANDRIA,12/31/2018
9,MATRIX,ALEXANDRIA,12/31/2018
13,JETTA,ALEXANDRIA,12/31/2018
10,TIGUAN,PRESTIGE,1/10/2019
15,RAM 1500,PRESTIGE,1/10/2019
13,MKX,PRESTIGE,1/10/2019
5,ALTIMA,SOCKET SCRAP,8/22/2018
9,ESCAPE,SOCKET SCRAP,8/22/2018
4,FREESTYLE,SOCKET SCRAP,8/22/2018
1,CAVALIER,SOCKET SCRAP,8/22/2018
10,FOCUS,SOCKET SCRAP,8/22/2018
7,COBALT,SOCKET SCRAP,10/9/2018
98,F150,SOCKET SCRAP,10/9/2018
11,MKX,SOCKET SCRAP,10/9/2018
6,MALIBU,SOCKET SCRAP,10/9/2018
8,FOCUS,SOCKET SCRAP,10/9/2018
8,KIA,SOCKET SCRAP,10/9/2018
13,FOCUS,ALEXANDRIA,1/21/2019
11,CARAVAN,ALEXANDRIA,1/21/2019
6,LUCERNE,ALEXANDRIA,1/21/2019
10,MAZDA 3,ALEXANDRIA,1/21/2019
10,TACOMA,ALEXANDRIA,1/21/2019
17,RAM,PRESTIGE,1/30/2019
14,CARAVAN,PRESTIGE,1/30/2019
12,ALTIMA,PRESTIGE,1/30/2019
9,CIVIC,PRESTIGE,1/30/2019
10,CIVIC,PRESTIGE,1/30/2019
11,VERSA,PRESTIGE,1/30/2019
11,TRAVERSE,PRESTIGE,1/30/2019
11,MKX,PRESTIGE,1/30/2019
11,ROGUE,PRESTIGE,1/30/2019
12,MKZ,PRESTIGE,1/30/2019
11,SORENTO,PRESTIGE,1/30/2019
13,SANTA FE,AUTO LEASING,1/25/2019
10,EDGE,AUTO LEASING,1/25/2019
8,ESCAPE,AUTO LEASING,1/25/2019
11,F150,AUTO LEASING,1/25/2019
13,F150,AUTO LEASING,1/25/2019
13,CIVIC,AUTO LEASING,1/25/2019
15,MKT,AUTO LEASING,1/31/2019
20,16 SPRINTER,AUTO LEASING,12/31/2018
17,RAM,AUTO LEASING,12/31/2018
14,RAM 1500,AUTO LEASING,12/31/2018
14,F150,AUTO LEASING,1/4/2019
12,MDX,AUTO LEASING,1/4/2019
17,ELANTRA,AUTO LEASING,1/4/2019
14,F150,AUTO LEASING,1/4/2019
14,EXPEDITION,AUTO LEASING,1/4/2019
14,F150,ALEXANDRIA,1/28/2019
17,F150,DURHAM KIA,2/11/2019
16,F150,DURHAM KIA,2/11/2019
16,F150,DURHAM KIA,2/11/2019
15,F150,DURHAM KIA,2/11/2019
15,F150,DURHAM KIA,2/11/2019
14,F150,ALEXANDRIA,2/7/2019
8,F150,ALEXANDRIA,2/7/2019
12,CIVIC,ALEXANDRIA,2/7/2019
10,F350,ALEXANDRIA,2/7/2019
11,F150,ALEXANDRIA,2/7/2019
14,MIRAGE,PRESTIGE,2/15/2019
15,PATHFINDER,PRESTIGE,2/15/2019
12,ESCAPE,PRESTIGE,2/15/2019
14,CRUZE,PRESTIGE,2/15/2019
13,COOPER,PRESTIGE,2/15/2019
16,NX200T,PRESTIGE,2/15/2019
16,ODYSSEY,PRESTIGE,2/15/2019
13,BMW 335X,PRESTIGE,2/15/2019
5,CENTURY,SOCKET SCRAP,2/12/2019
4,EXPEDITION,SOCKET SCRAP,2/12/2019
4,F150,SOCKET SCRAP,2/12/2019
7,CARAVAN,SOCKET SCRAP,2/12/2019
10,JOURNEY,SOCKET SCRAP,2/12/2019
7,MAZDA 5,SOCKET SCRAP,2/12/2019
6,JETTA,SOCKET SCRAP,2/12/2019
6,SENTRA,SOCKET SCRAP,2/12/2019
12,BMW 528I,ALEXANDRIA,2/19/2019
9,BMW 323,ALEXANDRIA,2/19/2019
10,F150,ALEXANDRIA,2/19/2019
9,F150,ALEXANDRIA,2/19/2019
5,ACURA TL,ALEXANDRIA,2/19/2019
16,F150,AUTO LEASING,2/12/2019
16,F150,AUTO LEASING,2/12/2019
16,F150,AUTO LEASING,2/12/2019
17,F150,AUTO LEASING,2/12/2019
17,RAM 1500,AUTO LEASING,2/21/2019
13,F150,AUTO LEASING,2/21/2019
12,F150,DURHAM KIA,2/28/2019
13,F150,DURHAM KIA,2/28/2019
13,F150,AUTO LEASING,1/30/2019
11,RAM,AUTO LEASING,2/28/2019
13,F150,AUTO LEASING,2/23/2019
12,CARAVAN,AUTO LEASING,2/23/2019
13,FUSION,AUTO LEASING,2/23/2019
14,FOCUS,AUTO LEASING,2/23/2019
15,TERRAIN,AUTO LEASING,2/23/2019
10,F150,ALEXANDRIA,3/4/2019
13,EDGE,ALEXANDRIA,3/4/2019
12,EXPLORER,ALEXANDRIA,3/4/2019
13,VW,ALEXANDRIA,3/4/2019
10,F150,ALEXANDRIA,3/4/2019
7,EXPLORER,ALEXANDRIA,3/14/2019
17,ESCAPE,ALEXANDRIA,3/14/2019
12,F150,ALEXANDRIA,3/14/2019
6,ACURA TL,ALEXANDRIA,3/14/2019
15,MAZDA 3,ALEXANDRIA,3/14/2019
9,EDGE,AUTO LEASING,3/12/2019
15,F150,AUTO LEASING,2/21/2019
16,F150,AUTO LEASING,2/21/2019
17,RAM 1500,AUTO LEASING,2/21/2019
15,ATS,AUTO LEASING,3/17/2019
15,F150,AUTO LEASING,3/17/2019
3,G35,AUTO LEASING,3/17/2019
14,F350,TURBOX,3/22/2019
14,F150,TURBOX,3/22/2019
9,F150,TURBOX,3/22/2019
14,F150,TURBOX,3/22/2019
14,F150,TURBOX,3/22/2019
14,F150,TURBOX,3/22/2019
13,F150,TURBOX,3/22/2019
9,F150,TURBOX,3/22/2019
15,SUBURBAN,TURBOX,3/22/2019
4,F150,SOCKET SCRAP,3/28/2019
6,FREESTAR,SOCKET SCRAP,3/28/2019
6,MAGNUM,SOCKET SCRAP,3/28/2019
3,OUTBACK,SOCKET SCRAP,3/28/2019
6,MAZDA 3,SOCKET SCRAP,3/28/2019
9,G6,SOCKET SCRAP,3/28/2019
11,CIVIC,SOCKET SCRAP,3/28/2019
3,SEBRING,SOCKET SCRAP,3/28/2019
5,CARAVAN,SOCKET SCRAP,3/28/2019
9,ESCAPE,SOCKET SCRAP,3/28/2019
18,F150,AUTO LEASING,2/27/2019
11,F150,AUTO LEASING,2/27/2019
16,F150,AUTO LEASING,3/7/2019
16,F150,AUTO LEASING,3/7/2019
17,F150,AUTO LEASING,3/7/2019
10,SRX,ALEXANDRIA,3/25/2019
15,FOCUS,ALEXANDRIA,3/25/2019
10,ESCAPE,ALEXANDRIA,3/25/2019
8,TUCSON,ALEXANDRIA,3/25/2019
5,COROLLA,ALEXANDRIA,3/25/2019
6,RX400H,ALEXANDRIA,3/25/2019
11,EDGE,ALEXANDRIA,3/25/2019
17,F150,ADESA,3/19/2019
16,F150,ADESA,3/22/2019
16,F150,ADESA,3/22/2019
15,F150,ADESA,3/22/2019
16,F150,ADESA,3/22/2019
17,F150,ADESA,3/22/2019
17,F150,ADESA,3/22/2019
17,F150,ADESA,3/22/2019
18,F150,ADESA,3/22/2019
18,F150,ADESA,3/22/2019
18,F150,ADESA,3/22/2019
16,F150,ADESA,3/22/2019
16,F150,ADESA,3/22/2019
16,F150,ADESA,3/22/2019
16,F150,ADESA,3/22/2019
14,WRANGLER,BRONTE AUTO,3/29/2019
16,F150,ADESA,3/29/2019
16,F150,ADESA,3/29/2019
16,F150,ADESA,3/29/2019
16,F150,ADESA,3/29/2019
17,F150,ADESA,3/29/2019
16,F150,ADESA,3/29/2019
16,F150,ADESA,3/29/2019
17,F150,ADESA,3/29/2019
17,F150,ADESA,3/29/2019
16,F150,ADESA,3/29/2019
17,F150,ADESA,3/29/2019
16,F150,MIDTOWN MTRS,3/28/2019
17,F450,DURHAM KIA,4/1/2019
16,ELANTRA,ALEXANDRIA,3/30/2019
9,HUMMER H3,ALEXANDRIA,3/30/2019
7,ALTIMA,ALEXANDRIA,3/30/2019
11,SIERRA,ALEXANDRIA,3/30/2019
13,F150,ALEXANDRIA,3/30/2019
17,F150,ADESA,4/5/2019
13,SILVERADO,ADESA,4/5/2019
16,TRANSIT,ADESA,4/5/2019
16,F150,ADESA,4/5/2019
16,F150,ADESA,4/5/2019
16,F150,ADESA,4/5/2019
16,F150,ADESA,4/5/2019
18,F150,ADESA,4/5/2019
16,F150,ADESA,4/5/2019
17,F150,ADESA,4/5/2019
17,F150,ADESA,4/5/2019
16,F150,ADESA,4/5/2019
16,F350,ADESA,4/5/2019
16,F350,ADESA,4/5/2019
12,F250,ADESA,4/5/2019
12,EXPLORER,ALEXANDRIA,4/8/2019
9,ACADIA,ALEXANDRIA,4/8/2019
14,F150,ALEXANDRIA,4/8/2019
19,EXPLORER,DURHAM KIA,4/23/2019
18,AUDI Q5,PRESTIGE,4/11/2019
14,EQUINOX,PRESTIGE,4/11/2019
15,CARAVAN,PRESTIGE,4/11/2019
13,JOURNEY,PRESTIGE,4/11/2019
14,MKZ,PRESTIGE,4/11/2019
17,SANTA FE,PRESTIGE,4/11/2019
13,F150,AUTO LEASING,3/14/2019
14,F150,AUTO LEASING,3/14/2019
16,F150,AUTO LEASING,3/14/2019
17,F150,AUTO LEASING,3/14/2019
17,F150,AUTO LEASING,3/14/2019
8,F250,AUTO LEASING,3/14/2019
16,F150,TURBOX,4/25/2019
17,F150,TURBOX,4/25/2019
16,F150,TURBOX,4/25/2019
17,F150,AUTO LEASING,3/28/2019
13,ALTIMA,AUTO LEASING,4/12/2019
16,SILVERADO,AUTO LEASING,4/12/2019
14,F150,AUTO LEASING,4/12/2019
14,MAXIMA,AUTO LEASING,4/12/2019
15,SILVERADO,AUTO LEASING,4/12/2019
13,A4,S & D MOTOR,4/24/2019
15,LEGACY,S & D MOTOR,4/24/2019
13,ML350,S & D MOTOR,4/24/2019
14,SPORTAGE,S & D MOTOR,4/24/2019
8,MERCEDES,S & D MOTOR,4/24/2019
11,PILOT,S & D MOTOR,4/24/2019
10,FLEX,TURBOX,4/11/2019
16,F150,ADESA,4/12/2019
16,F150,ADESA,4/12/2019
16,F150,ADESA,4/12/2019
17,F150,ADESA,4/12/2019
17,F150,ADESA,4/12/2019
17,F150,ADESA,4/12/2019
18,F150,ADESA,4/12/2019
17,F150,ADESA,4/12/2019
16,F150,ADESA,4/12/2019
17,F150,ADESA,4/12/2019
17,F150,ADESA,4/12/2019
16,F150,ADESA,4/15/2019
13,ACCENT,ALEXANDRIA,4/15/2019
13,FOCUS,ALEXANDRIA,4/15/2019
11,CRUZE,ALEXANDRIA,4/15/2019
9,PILOT,ALEXANDRIA,4/15/2019
10,CHRYS T&C,ALEXANDRIA,4/15/2019
11,MKS,ALEXANDRIA,4/15/2019
15,EXPLORER,ADESA,4/15/2019
16,MAZDA 3,ADESA,4/18/2019
12,F250,AUTO LEASING,4/16/2019
17,F150,AUTO LEASING,4/16/2019
14,F250,AUTO LEASING,4/16/2019
16,EXPLORER,PRESTIGE,4/10/2019
11,EXPLORER,ALEXANDRIA,4/23/2019
13,SAVANA,ALEXANDRIA,4/23/2019
10,RANGER,ALEXANDRIA,4/23/2019
14,EDGE,ALEXANDRIA,4/23/2019
10,EDGE,ALEXANDRIA,4/23/2019
17,F150,TURBOX,4/25/2019
16,F150,TURBOX,4/25/2019
16,F150,TURBOX,4/25/2019
16,F150,TURBOX,4/25/2019
17,F150,TURBOX,4/25/2019
16,F150,TURBOX,4/25/2019
16,F150,ADESA,4/23/2019
16,F150,ADESA,4/23/2019
17,F150,ADESA,4/23/2019
18,F150,ADESA,4/23/2019
18,F150,ADESA,4/23/2019
17,F150,ADESA,4/23/2019
17,F150,ADESA,4/23/2019
16,F150,ADESA,4/23/2019
16,F150,ADESA,4/23/2019
16,F150,ADESA,4/23/2019
17,F150,ADESA,4/23/2019
17,F150,ADESA,4/23/2019
17,F150,ADESA,4/23/2019
17,F150,ADESA,4/23/2019
15,F150,ADESA,4/23/2019
16,F150,ADESA,4/23/2019
2,RANGER,SOCKET SCRAP,4/26/2019
4,F150,SOCKET SCRAP,4/26/2019
8,ESCAPE,SOCKET SCRAP,4/26/2019
6,E250,SOCKET SCRAP,4/26/2019
3,CENTURY,SOCKET SCRAP,4/26/2019
4,AVIATOR,SOCKET SCRAP,4/26/2019
2,MDX,SOCKET SCRAP,4/26/2019
6,FUSION,SOCKET SCRAP,4/26/2019
6,COBALT,SOCKET SCRAP,4/26/2019
5,F250,SOCKET SCRAP,4/26/2019
15,F150,BRONTE AUTO,4/25/2019
18,F150,ADESA,4/26/2019
17,F150,ADESA,4/26/2019
16,F150,ADESA,4/26/2019
17,F150,ADESA,4/26/2019
17,F150,ADESA,4/26/2019
16,F150,ADESA,4/26/2019
16,F150,ADESA,4/26/2019
16,F150,ADESA,4/26/2019
17,F150,ADESA,4/26/2019
17,F150,ADESA,4/26/2019
17,F250,ADESA,4/26/2019
10,RIO,ALEXANDRIA,4/30/2019
10,F150,ALEXANDRIA,4/30/2019
16,TIGUAN,ALEXANDRIA,4/30/2019
7,BMW 335I,ALEXANDRIA,4/30/2019
13,ACCORD,ALEXANDRIA,4/30/2019
17,F150,ADESA,5/3/2019
17,F150,ADESA,5/3/2019
18,F150,ADESA,5/3/2019
16,F150,ADESA,5/3/2019
17,F150,ADESA,5/3/2019
18,F150,ADESA,5/3/2019
16,F150,ADESA,5/3/2019
16,F150,ADESA,5/3/2019
17,F150,ADESA,5/3/2019
16,F150,ADESA,5/3/2019
14,SOUL,MANHEIM ARS,5/2/2019
14,ALTIMA,MANHEIM ARS,5/2/2019
14,EDGE,MANHEIM ARS,5/2/2019
9,SIERRA,ALEXANDRIA,5/7/2019
11,FUSION,ALEXANDRIA,5/7/2019
11,ARMADA,ALEXANDRIA,5/7/2019
11,F150,ALEXANDRIA,5/7/2019
10,FUSION,ALEXANDRIA,5/7/2019
17,F150,AUTO LEASING,4/28/2019
13,MKX,AUTO LEASING,4/28/2019
15,F150,AUTO LEASING,4/28/2019
13,F150,AUTO LEASING,4/28/2019
17,F150,AUTO LEASING,4/28/2019
18,FUSION,AUTO LEASING,4/28/2019
17,ESCAPE,AUTO LEASING,4/28/2019
11,ESCALADE,AUTO LEASING,4/28/2019
15,MKX,AUTO LEASING,4/28/2019
14,F150,AUTO LEASING,4/28/2019
10,F150,SOCKET SCRAP,5/3/2019
6,CARAVAN,SOCKET SCRAP,5/3/2019
12,FOCUS,SOCKET SCRAP,5/3/2019
5,ODYSSEY,SOCKET SCRAP,5/3/2019
16,F150,TURBOX,4/29/2019
17,F150,TURBOX,5/8/2019
17,F150,TURBOX,5/8/2019
16,F150,ADESA,5/8/2019
15,F150,ADESA,5/10/2019
17,F150,ADESA,5/10/2019
16,F150,ADESA,5/10/2019
17,F150,ADESA,5/10/2019
18,F150,ADESA,5/10/2019
16,F150,ADESA,5/10/2019
17,F150,ADESA,5/10/2019
18,F150,ADESA,5/10/2019
16,F150,ADESA,5/10/2019
16,F150,ADESA,5/10/2019
16,F150,ADESA,5/10/2019
17,ESCAPE,SCARSVIEW,5/14/2019
8,EDGE,ALEXANDRIA,5/13/2019
8,F450,ALEXANDRIA,5/13/2019
8,F350,ALEXANDRIA,5/13/2019
8,ACCORD,ALEXANDRIA,5/13/2019
9,F150,ALEXANDRIA,5/13/2019
10,F150,ALEXANDRIA,5/13/2019
16,F150,TURBOX,5/14/2019
16,F150,TURBOX,5/14/2019
17,F150,TURBOX,5/14/2019
17,F150,TURBOX,5/14/2019
15,F150,TURBOX,5/14/2019
17,F150,TURBOX,5/14/2019
16,F150,TURBOX,5/14/2019
14,FUSION,MANHEIM,3/20/2019
12,ALTIMA,MANHEIM,4/11/2019
13,SIENNA,MANHEIM,3/19/2019
17,F150,TURBOX,5/16/2019
15,F150,TURBOX,5/16/2019
18,F150,TURBOX,5/16/2019
17,F150,TURBOX,5/16/2019
15,F150,TURBOX,5/16/2019
16,F150,TURBOX,5/21/2019
16,F150,TURBOX,5/21/2019
16,F150,ADESA,5/13/2019
13,SONATA,MANHEIM ARS,5/13/2019
16,F150,ADESA,5/17/2019
16,F150,ADESA,5/17/2019
16,F150,ADESA,5/17/2019
16,F150,ADESA,5/17/2019
16,F150,ADESA,5/17/2019
17,F150,ADESA,5/17/2019
18,F150,ADESA,5/17/2019
17,F150,ADESA,5/17/2019
16,F150,ADESA,5/17/2019
16,F150,ADESA,5/17/2019
16,F150,ADESA,5/21/2019
16,F150,ADESA,5/21/2019
16,F150,ADESA,5/23/2019
18,NAVIGATOR,ADESA,5/24/2019
16,F150,ADESA,5/24/2019
16,F150,ADESA,5/24/2019
18,F150,ADESA,5/24/2019
15,F150,ADESA,5/24/2019
17,F150,ADESA,5/24/2019
16,F150,ADESA,5/24/2019
18,F150,ADESA,5/24/2019
16,F150,ADESA,5/24/2019
18,F150,ADESA,5/24/2019
17,F150,ADESA,5/24/2019
15,FOCUS,AUTO LEASING,4/28/2019
12,AUDI A5,ALEXANDRIA,5/23/2019
8,DTS,ALEXANDRIA,5/23/2019
8,ACURA TL,ALEXANDRIA,5/23/2019
11,ENCLAVE,ALEXANDRIA,5/23/2019
5,COROLLA,ALEXANDRIA,5/23/2019
9,F150,ALEXANDRIA,5/23/2019
17,OPTIMA,DURHAM KIA,5/21/2019
15,SORENTO,DURHAM KIA,5/21/2019
16,F150,DURHAM KIA,5/21/2019
17,F150,ADESA,5/31/2019
17,F150,ADESA,5/31/2019
18,F150,ADESA,5/31/2019
18,F150,ADESA,5/31/2019
17,F150,ADESA,5/31/2019
16,F150,ADESA,5/31/2019
17,F150,ADESA,5/31/2019
17,F150,ADESA,5/31/2019
16,F150,ADESA,5/31/2019
15,F150,ADESA,5/31/2019
15,F150,ADESA,5/31/2019
16,F150,ADESA,5/31/2019
16,MKX,ADESA,5/31/2019
18,NAVIGATOR,ADESA,5/31/2019
11,SPRINTER,AUTO LEASING,5/27/2019
13,EDGE,AUTO LEASING,5/21/2019
14,TACOMA,AUTO LEASING,5/21/2019
14,PROMASTER,AUTO LEASING,5/21/2019
16,F150,AUTO LEASING,5/21/2019
16,F150,AUTO LEASING,5/21/2019
9,EDGE,ALEXANDRIA,5/31/2019
8,ELEMENT,ALEXANDRIA,5/31/2019
13,ESCAPE,ALEXANDRIA,5/31/2019
8,TORRENT,ALEXANDRIA,5/31/2019
13,MAZDA 3,ALEXANDRIA,5/31/2019
9,EXPEDITION,ALEXANDRIA,5/31/2019
9,JOURNEY,ALEXANDRIA,5/31/2019
14,F150,ALEXANDRIA,5/31/2019
18,F150,ADESA,6/7/2019
16,F150,ADESA,6/7/2019
16,F150,ADESA,6/7/2019
16,F150,ADESA,6/7/2019
17,F150,ADESA,6/7/2019
17,F150,ADESA,6/7/2019
17,F150,ADESA,6/7/2019
18,F150,ADESA,6/7/2019
16,F150,ADESA,6/7/2019
16,F150,ADESA,6/7/2019
16,F150,ADESA,6/7/2019
17,F150,ADESA,6/7/2019
16,F150,ADESA,6/7/2019
16,F150,ADESA,6/7/2019
16,EDGE,ADESA,6/7/2019
16,MKX,ADESA,6/7/2019
14,EDGE,AUTO LEASING,5/29/2019
11,F150,AUTO LEASING,5/29/2019
8,EQUINOX,SOCKET SCRAP,6/7/2019
5,PACIFICA,SOCKET SCRAP,6/7/2019
6,F150,SOCKET SCRAP,6/7/2019
1,TRIBUTE,SOCKET SCRAP,6/7/2019
6,FREESTAR,SOCKET SCRAP,6/7/2019
10,ESCAPE,SOCKET SCRAP,6/7/2019
6,F350,SOCKET SCRAP,6/7/2019
10,F150,SOCKET SCRAP,6/7/2019
10,F150,SOCKET SCRAP,6/7/2019
8,F150,SOCKET SCRAP,6/7/2019
12,SIERRA,ALEXANDRIA,6/11/2019
12,F150,ALEXANDRIA,6/11/2019
10,F150,ALEXANDRIA,6/11/2019
13,GOLF,ALEXANDRIA,6/11/2019
13,MKZ,ALEXANDRIA,6/11/2019
17,F150,ADESA,6/12/2019
17,F150,ADESA,6/12/2019
17,CONTINENTAL,ADESA,6/14/2019
16,F250,ADESA,6/14/2019
18,F150,ADESA,6/14/2019
16,F150,ADESA,6/14/2019
16,EDGE,ADESA,6/14/2019
16,F150,ADESA,6/14/2019
17,F150,ADESA,6/14/2019
15,RAM 1500,TURBOX,6/12/2019
15,EXPLORER,TURBOX,6/12/2019
13,JETTA,ALEXANDRIA,6/18/2019
10,ACADIA,ALEXANDRIA,6/18/2019
10,F150,ALEXANDRIA,6/18/2019
12,ESCAPE,ALEXANDRIA,6/18/2019
7,FUSION,ALEXANDRIA,6/18/2019
7,EDGE,ALEXANDRIA,6/18/2019
13,ESCAPE,ALEXANDRIA,6/18/2019
16,F150,ADESA,6/18/2019
17,F150,ADESA,6/18/2019
16,RAV4,ADESA,6/21/2019
12,F250,ADESA,6/21/2019
18,F150,ADESA,6/21/2019
17,F150,ADESA,6/21/2019
16,F150,ADESA,6/21/2019
17,F150,ADESA,6/21/2019
17,F150,ADESA,6/21/2019
16,F150,ADESA,6/21/2019
17,F150,ADESA,6/21/2019
15,F150,ADESA,6/21/2019
16,F150,ADESA,6/21/2019
17,F150,ADESA,6/21/2019
16,F150,ADESA,6/21/2019
15,F150,ADESA,6/21/2019
17,F150,ADESA,6/21/2019
17,F150,ADESA,6/21/2019
16,F150,ADESA,6/21/2019
16,F150,ADESA,6/21/2019
9,F150,PRESTIGE,6/20/2019
15,F150,PRESTIGE,6/20/2019
16,F150,PRESTIGE,6/20/2019
17,F150,PRESTIGE,6/20/2019
18,F150,PRESTIGE,6/20/2019
15,VENZA,PRESTIGE,6/20/2019
17,RANGE ROVER,PRESTIGE,6/20/2019
17,F150,ADESA,6/24/2019
17,F150,ADESA,6/24/2019
15,F150,ADESA,6/24/2019
16,F150,ADESA,6/24/2019
15,SIERRA,AUTO LEASING,6/17/2019
11,ESCAPE,AUTO LEASING,6/17/2019
13,ML350,AUTO LEASING,6/17/2019
13,F150,AUTO LEASING,6/17/2019
13,F150,AUTO LEASING,6/17/2019
16,F150,AUTO LEASING,6/17/2019
15,ESCAPE,DURHAM KIA,6/27/2019
17,ELANTRA,DURHAM KIA,6/27/2019
12,RIO,DURHAM KIA,6/27/2019
16,F150,AUTO LEASING,6/10/2019
16,F150,AUTO LEASING,6/10/2019
16,F150,AUTO LEASING,6/10/2019
13,EDGE,AUTO LEASING,6/10/2019
16,RAM 1500,AUTO LEASING,6/10/2019
14,MKX,AUTO LEASING,6/10/2019
16,TITAN,ADESA,6/25/2019
17,F150,ADESA,6/26/2019
17,F150,ADESA,6/28/2019
17,F150,ADESA,6/28/2019
17,F150,ADESA,6/28/2019
6,RAV4,ALEXANDRIA,7/3/2019
10,F150,ALEXANDRIA,7/3/2019
12,TUCSON,ALEXANDRIA,7/3/2019
15,ESCAPE,ALEXANDRIA,7/3/2019
12,OPTIMA,ALEXANDRIA,7/3/2019
17,F150,ADESA,7/8/2019
17,F150,ADESA,7/8/2019
17,F150,ADESA,7/8/2019
16,F150,ADESA,7/8/2019
16,TRAX,ADESA,7/8/2019
16,F150,ADESA,7/8/2019
12,FUSION,AUTO CONNECT,7/5/2019
8,RANGER,AUTO CONNECT,7/5/2019
6,X-TRAIL,AUTO CONNECT,7/5/2019
7,F150,ALEXANDRIA,7/9/2019
8,RANGER,ALEXANDRIA,7/9/2019
12,F150,AUTO LEASING,6/29/2019
10,DTS,AUTO LEASING,6/29/2019
12,F150,AUTO LEASING,7/6/2019
10,ESCAPE,AUTO LEASING,7/6/2019
10,F150,AUTO LEASING,7/6/2019
14,RAM 1500,AUTO LEASING,7/6/2019
14,F150,ADESA,7/12/2019
16,F150,ADESA,7/12/2019
16,F150,ADESA,7/12/2019
16,F150,ADESA,7/12/2019
16,EXPLORER,ADESA,7/12/2019
16,F150,ADESA,7/12/2019
16,F150,ADESA,7/12/2019
17,F150,ADESA,7/12/2019
16,F150,ADESA,7/12/2019
17,F150,ADESA,7/12/2019
17,F150,ADESA,7/12/2019
18,F150,ADESA,7/12/2019
18,F150,ADESA,7/12/2019
16,F150,ADESA,7/12/2019
18,F150,ADESA,7/12/2019
17,F150,ADESA,7/12/2019
17,F150,ADESA,7/12/2019
17,F150,ADESA,7/12/2019
18,F150,ADESA,7/12/2019
18,F150,ADESA,7/12/2019
15,F150,ADESA,7/12/2019
16,F150,ADESA,7/12/2019
16,F150,ADESA,7/12/2019
16,F150,ADESA,7/12/2019
12,F150,ALEXANDRIA,7/11/2019
8,F150,ALEXANDRIA,7/11/2019
4,A4,ALEXANDRIA,7/11/2019
10,F150,ALEXANDRIA,7/11/2019
5,MUSTANG,ALEXANDRIA,7/11/2019
13,ACCORD,TRADEREV,7/11/2019
15,BMW X5,TRADEREV,7/11/2019
14,TOUAREG,TRADEREV,7/11/2019
17,TACOMA,TURBOX,7/10/2019
15,EVOGUE,TURBOX,7/10/2019
16,TACOMA,TURBOX,7/10/2019
15,F150,TURBOX,7/10/2019
16,F150,TURBOX,7/10/2019
17,F150,TURBOX,7/10/2019
13,F150,TURBOX,7/10/2019
17,CIVIC,TURBOX,7/10/2019
17,F150,TURBOX,7/10/2019
17,F150,TURBOX,7/10/2019
13,DART,TURBOX,7/10/2019
17,F150,TURBOX,7/10/2019
17,F150,TURBOX,7/10/2019
16,F150,ADESA,7/15/2019
16,F150,ADESA,7/15/2019
16,F150,ADESA,7/15/2019
17,F150,ADESA,7/15/2019
13,ROGUE,ALEXANDRIA,7/17/2019
14,FOCUS,ALEXANDRIA,7/17/2019
13,F150,ALEXANDRIA,7/17/2019
8,RAM 1500,ALEXANDRIA,7/17/2019
5,LEGACY,ALEXANDRIA,7/17/2019
14,FOCUS,AUTO LEASING,7/16/2019
13,EDGE,AUTO LEASING,7/16/2019
10,F150,AUTO LEASING,7/16/2019
16,ESCAPE,AUTO LEASING,7/16/2019
12,F150,AUTO LEASING,7/16/2019
12,JOURNEY,AUTO LEASING,7/16/2019
11,F150,AUTO LEASING,7/16/2019
15,WRANGLER,ALEXANDRIA,7/18/2019
15,BMW X4,TRADEREV,7/11/2019
11,ALTIMA,TRADEREV,7/15/2019
99,YUKON,TRADEREV,7/18/2019
7,EQUINOX,TRADEREV,7/18/2019
17,SAVANA,ADESA,7/19/2019
18,F150,ADESA,7/19/2019
16,F150,ADESA,7/19/2019
14,F150,ADESA,7/19/2019
17,F150,ADESA,7/19/2019
16,F150,ADESA,7/19/2019
16,F150,ADESA,7/19/2019
17,F150,ADESA,7/19/2019
18,F150,ADESA,7/19/2019
17,F150,ADESA,7/19/2019
16,F150,ADESA,7/19/2019
17,F150,ADESA,7/19/2019
16,F150,ADESA,7/19/2019
17,F150,ADESA,7/19/2019
16,F150,ADESA,7/19/2019
17,F150,ADESA,7/19/2019
17,F150,ADESA,7/19/2019
16,F150,ADESA,7/19/2019
16,F150,ADESA,7/19/2019
15,F150,ADESA,7/19/2019
16,F150,ADESA,7/19/2019
16,F150,ADESA,7/19/2019
17,F150,ADESA,7/19/2019
18,F150,ADESA,7/19/2019
11,BMW X5,ALEXANDRIA,7/19/2019
14,EDGE,ALEXANDRIA,7/19/2019
12,EXPLORER,ALEXANDRIA,7/19/2019
10,AUDI A6,ALEXANDRIA,7/19/2019
8,RANGER,ALEXANDRIA,7/19/2019
8,ESCAPE,ALEXANDRIA,7/19/2019
11,ESCAPE,ALEXANDRIA,7/19/2019
18,CAMARO,TURBOX,-
17,F150,ADESA,7/24/2019
9,SANTA FE,AUTO LEASING,7/19/2019
13,SANTA FE,AUTO LEASING,7/19/2019
13,EDGE,AUTO LEASING,7/19/2019
13,SANTA FE,AUTO LEASING,7/19/2019
8,BMW,TRADEREV,7/23/2019
7,GL450,TRADEREV,7/18/2019
13,FUSION,TRADEREV,7/15/2019
12,F150,DURHAM KIA,7/18/2019
16,F150,DURHAM KIA,7/18/2019
13,FUSION,TRADEREV,7/18/2019
16,F150,TURBOX,6/4/2019
16,F150,TURBOX,7/16/2019
16,F150,TURBOX,7/16/2019
16,F150,TURBOX,7/13/2019
15,SRX,TURBOX,7/13/2019
15,SIERRA,TURBOX,7/13/2019
16,F150,TURBOX,6/4/2019
16,F150,TURBOX,6/4/2019
17,F250,TURBOX,6/4/2019
16,MKX,ADESA,7/26/2019
11,F150,ADESA,7/26/2019
14,F150,ADESA,7/26/2019
16,F150,ADESA,7/26/2019
17,F250,ADESA,7/26/2019
17,F150,ADESA,7/26/2019
14,528I,ADESA,7/26/2019
18,F150,ADESA,7/26/2019
17,EXPLORER,ADESA,7/26/2019
16,F150,ADESA,7/26/2019
15,EDGE,ADESA,7/26/2019
17,F150,ADESA,7/26/2019
16,CIVIC,TRADEREV,7/25/2019
11,ESCAPE,TRADEREV,7/25/2019
14,TIGUAN,TRADEREV,7/25/2019
16,EXPLORER,ADESA,7/29/2019
11,SOUL,TRADEREV,7/29/2019
16,RAM 1500,AUTO LEASING,7/29/2019
10,E450,AUTO LEASING,7/29/2019
8,MKX,AUTO LEASING,7/29/2019
9,F150,AUTO LEASING,7/29/2019
13,F150,AUTO LEASING,7/29/2019
14,F150,AUTO LEASING,7/30/2019
16,F150,AUTO LEASING,7/30/2019
14,T&C,AUTO LEASING,7/30/2019
14,ACCORD,AUTO LEASING,7/30/2019
13,F150,AUTO LEASING,7/30/2019
11,RAM 1500,AUTO LEASING,7/31/2019
14,ESCAPE,AUTO LEASING,7/31/2019
13,FIAT 500,ALEXANDRIA,8/1/2019
14,OUTBACK,ALEXANDRIA,8/1/2019
14,ESCAPE,ALEXANDRIA,8/1/2019
11,F250,ALEXANDRIA,8/1/2019
16,MKX,ADESA,8/2/2019
16,F250,ADESA,8/2/2019
18,F150,ADESA,8/2/2019
18,F150,ADESA,8/2/2019
18,F150,ADESA,8/2/2019
16,F150,ADESA,8/2/2019
17,F150,ADESA,8/2/2019
16,F150,ADESA,8/2/2019
16,F150,ADESA,8/2/2019
18,F150,ADESA,8/2/2019
17,F150,ADESA,8/2/2019
17,F150,ADESA,8/2/2019
17,F150,ADESA,8/2/2019
18,F150,ADESA,8/2/2019
16,EDGE,ADESA,8/2/2019
17,CONTINENTAL,ADESA,8/2/2019
19,SILVERADO,ADESA,8/2/2019
16,F150,ADESA,8/2/2019
16,F150,ADESA,8/2/2019
17,F150,ADESA,8/2/2019
16,F150,ADESA,8/2/2019
18,F150,ADESA,8/2/2019
5,FOCUS,NOORANBAKHT,8/6/2019
5,CIVIC,NOORANBAKHT,8/6/2019
13,F150,DURHAM KIA,8/8/2019
15,TRANSIT,DURHAM KIA,8/8/2019
16,F150,DURHAM KIA,8/8/2019
17,F150,DURHAM KIA,8/8/2019
11,ESCAPE,TRADEREV,8/1/2019
15,EQUINOX,TRADEREV,7/29/2019
12,FOCUS,TRADEREV,7/29/2019
11,RONDO,TRADEREV,7/30/2019
14,TIGUAN,TRADEREV,7/25/2019
13,F150,TRADEREV,8/8/2019
16,CX5,TRADEREV,7/18/2019
10,TACOMA,TRADEREV,8/1/2019
15,CHEROKEE,AUTO LEASING,8/6/2019
15,LACROSSE,AUTO LEASING,8/6/2019
17,F150,AUTO LEASING,8/6/2019
16,F150,ADESA,8/8/2019
16,F150,ADESA,8/8/2019
17,F150,ADESA,8/8/2019
16,F150,ADESA,8/9/2019
18,F150,ADESA,8/9/2019
18,F150,ADESA,8/9/2019
15,ESCAPE,PRESTIGE,8/9/2019
12,TACOMA,PRESTIGE,8/9/2019
14,E250,PRESTIGE,8/9/2019
13,F150,PRESTIGE,8/9/2019
12,AUDI Q5,PRESTIGE,8/9/2019
16,CIVIC,PRESTIGE,8/9/2019
17,F150,ADESA,8/12/2019
12,CARAVAN,STAFFORD,7/12/2019
9,MALIBU,TRADEREV,8/8/2019
10,PONTIAC G5,ALEXANDRIA,8/12/2019
11,CRUZE,ALEXANDRIA,8/12/2019
11,EDGE,ALEXANDRIA,8/12/2019
10,JOURNEY,ALEXANDRIA,8/12/2019
14,CHEROKEE,ALEXANDRIA,8/12/2019
8,TRIBUTE,ALEXANDRIA,8/12/2019
8,CIVIC,ALEXANDRIA,8/12/2019
8,F150,ALEXANDRIA,8/12/2019
17,F150,ADESA,8/13/2019
18,EXPEDITION,TURBOX,7/31/2019
16,MKX,ADESA,8/16/2019
13,ECONOLINE,ADESA,8/16/2019
15,F150,ADESA,8/16/2019
14,F150,ADESA,8/16/2019
16,EXPLORER,ADESA,8/16/2019
17,F150,ADESA,8/16/2019
17,F150,ADESA,8/16/2019
18,F150,ADESA,8/16/2019
15,ESCAPE,ADESA,8/16/2019
18,F150,ADESA,8/16/2019
17,F250,ADESA,8/16/2019
17,F250,ADESA,8/16/2019
17,F150,ADESA,8/16/2019
17,F150,ADESA,8/16/2019
17,F150,ADESA,8/16/2019
16,F150,ADESA,8/16/2019
16,F150,ADESA,8/16/2019
17,EXPLORER,ADESA,8/16/2019
16,F150,ADESA,8/16/2019
17,F150,ADESA,8/16/2019
16,F150,ADESA,8/16/2019
17,EXPLORER,ADESA,8/16/2019
15,F150,ADESA,8/16/2019
16,F150,ADESA,8/16/2019
17,F150,ADESA,8/16/2019
16,F150,ADESA,8/16/2019
16,F150,ADESA,8/16/2019
17,F150,ADESA,8/16/2019
15,EDGE,TURBOX,8/16/2019
15,EDGE,TURBOX,8/16/2019
15,ESCAPE,TURBOX,8/15/2019
17,EXPLORER,TURBOX,8/15/2019
15,EDGE,TURBOX,8/16/2019
3,ODYSSEY,TRADEREV,8/13/2019
13,FOCUS,TRADEREV,8/16/2019
17,PASSAT,TRADEREV,8/15/2019
12,FOCUS,TRADEREV,7/29/2019
15,MAZDA 3,TRADEREV,8/16/2019
16,F150,ADESA,8/21/2019
16,F150,ADESA,8/21/2019
17,F150,ADESA,8/21/2019
16,F150,ADESA,8/23/2019
18,F150,ADESA,8/23/2019
17,F150,ADESA,8/23/2019
16,F150,ADESA,8/23/2019
17,EXPLORER,ADESA,8/23/2019
15,EXPEDITION,ADESA,8/23/2019
18,F150,ADESA,8/23/2019
17,EXPLORER,ADESA,8/23/2019
16,F150,ADESA,8/23/2019
15,ESCAPE,ADESA,8/23/2019
15,ESCAPE,ADESA,8/23/2019
15,ESCAPE,ADESA,8/23/2019
16,F150,ADESA,8/23/2019
17,ESCAPE,ADESA,8/23/2019
17,ESCAPE,ADESA,8/23/2019
16,MKC,ADESA,8/23/2019
17,F150,ADESA,8/23/2019
16,F150,ADESA,8/23/2019
16,F150,ADESA,8/23/2019
16,F150,ADESA,8/23/2019
17,F150,ADESA,8/23/2019
16,F150,ADESA,8/23/2019
17,ESCAPE,ADESA,8/23/2019
17,F150,SCARSVIEW,
16,F150,SCARSVIEW,
16,F150,SCARSVIEW,
16,F150,SCARSVIEW,
16,F150,SCARSVIEW,
15,ESCAPE,ADESA,8/26/2019
11,FOCUS, S&D MOTOR,9/10/2019
16,CRV,S&D MOTOR,9/10/2019
9,BMW 328I,S&D MOTOR,9/10/2019
10,MAZDA 3,S&D MOTOR,9/10/2019
12,RIDGELINE,S&D MOTOR,9/10/2019
12,PILOT,S&D MOTOR,9/10/2019
14,TRAX,S&D MOTOR,9/10/2019
10,F150,ALEXANDRIA,8/25/2019
13,MKX,ALEXANDRIA,8/25/2019
8,SILVERADO,ALEXANDRIA,8/25/2019
9,F150,ALEXANDRIA,8/25/2019
7,SANTA FE,ALEXANDRIA,8/25/2019
8,RANGER,ALEXANDRIA,8/25/2019
7,SUZUKI SX4,ALEXANDRIA,8/25/2019
6,ODYSSEY,ALEXANDRIA,8/25/2019
6,TUCSON,ALEXANDRIA,8/25/2019
10,COMPASS,ALEXANDRIA,8/25/2019
11,F150,ALEXANDRIA,8/25/2019
14,EXPRESS,TRADEREV,8/22/2019
5,ECONOLINE,TRADEREV,8/22/2019
5,F150,TRADEREV,8/22/2019
13,AUDI A4,TRADEREV,8/22/2019
10,EDGE,TRADEREV,8/28/2019
9,COLORADO,ALEXANDRIA,9/3/2019
9,VIBE,ALEXANDRIA,9/3/2019
9,TUCSON,ALEXANDRIA,9/3/2019
8,CIVIC,ALEXANDRIA,9/3/2019
11,OUTBACK,ALEXANDRIA,9/3/2019
13,ODYSSEY,ALEXANDRIA,9/3/2019
14,FUSION,TRADEREV,8/16/2019
12,MAZDA 6,TRADEREV,8/19/2019
16,FLEX,TRADEREV,8/9/2019
17,CIVIC,TRADEREV,8/19/2019
17,F150,TURBOX,8/27/2019
16,MKX,ADESA,8/28/2019
17,F150,ADESA,8/28/2019
18,F150,ADESA,8/28/2019
16,MKX,ADESA,8/30/2019
14,EDGE,ADESA,8/30/2019
17,F150,ADESA,8/30/2019
17,F150,ADESA,8/30/2019
16,EDGE,ADESA,8/30/2019
18,F150,ADESA,8/30/2019
16,F150,ADESA,8/30/2019
18,F150,ADESA,8/30/2019
16,F150,ADESA,8/30/2019
16,F150,ADESA,8/30/2019
17,F150,ADESA,8/30/2019
16,F150,ADESA,8/30/2019
17,F150,ADESA,8/30/2019
16,F150,ADESA,8/30/2019
17,F150,ADESA,8/30/2019
17,F150,ADESA,8/30/2019
16,F150,ADESA,8/30/2019
17,F150,ADESA,8/30/2019
18,F150,ADESA,8/30/2019
16,WRANGLER,TRADEREV,
16,F350,ADESA,9/6/2019
16,F150,ADESA,9/6/2019
16,F150,ADESA,9/6/2019
17,F150,ADESA,9/6/2019
16,F150,ADESA,9/6/2019
16,TITAN,ADESA,9/6/2019
18,F150,ADESA,9/6/2019
17,F150,ADESA,9/6/2019
16,F150,ADESA,9/6/2019
18,F150,ADESA,9/6/2019
16,F150,ADESA,9/6/2019
18,F150,ADESA,9/6/2019
16,F150,ADESA,9/6/2019
15,F150,ADESA,9/6/2019
18,F150,ADESA,9/6/2019
17,F150,ADESA,9/6/2019
17,F150,ADESA,9/6/2019
16,F150,ADESA,9/6/2019
17,F150,ADESA,9/6/2019
16,F150,ADESA,9/6/2019
17,F150,ADESA,9/6/2019
16,F150,ADESA,9/6/2019
16,C300,TURBOX,
17,F150,AUTO LEASING,8/19/2019
16,F150,AUTO LEASING,8/19/2019
13,JETTA,AUTO LEASING,8/19/2019
13,ECONOLINE,AUTO LEASING,8/19/2019
13,ECONOLINE,AUTO LEASING,8/19/2019
13,F150,AUTO LEASING,8/19/2019
12,MKX,AUTO LEASING,8/19/2019
10,F150,AUTO LEASING,8/19/2019
14,FOCUS,AUTO LEASING,8/19/2019
99,EXPLORER,SOCKET SCRAP,8/31/2019
5,CIVIC,SOCKET SCRAP,8/31/2019
10,FOCUS,SOCKET SCRAP,8/31/2019
7,SATURN,SOCKET SCRAP,8/31/2019
6,MAZDA M3I,SOCKET SCRAP,8/31/2019
10,F150,SOCKET SCRAP,8/31/2019
0,CAMRY,SOCKET SCRAP,8/31/2019
5,ECONO,SOCKET SCRAP,8/31/2019
17,F150,DURHAM KIA,
17,WRANGLER,SCARSVIEW,
10,RAV4,ALEXANDRIA,9/10/2019
9,RAV4,ALEXANDRIA,9/10/2019
9,RANGER,ALEXANDRIA,9/10/2019
4,SIENNA,ALEXANDRIA,9/10/2019
7,EXPLORER,ALEXANDRIA,9/10/2019
2,MUSTANG,ALEXANDRIA,9/10/2019
8,EDGE,ALEXANDRIA,9/10/2019
16,SANTA FE,PRESTIGE,9/18/2019
11,BMW X5,PRESTIGE,9/18/2019
17,RAV4,PRESTIGE,9/18/2019
16,F150,PRESTIGE,9/18/2019
16,HIGHLANDER,PRESTIGE,9/18/2019
10,F150,PRESTIGE,9/18/2019
13,SENTRA,PRESTIGE,9/18/2019
16,MAZDA 3,PRESTIGE,9/18/2019
18,F150,ADESA,9/17/2019
16,F150,ADESA,9/17/2019
18,F150,ADESA,9/17/2019
17,F150,ADESA,9/17/2019
18,F150,ADESA,9/13/2019
18,F150,ADESA,9/13/2019
18,F150,ADESA,9/13/2019
17,F150,ADESA,9/13/2019
16,F150,ADESA,9/13/2019
18,F250,ADESA,9/13/2019
17,F150,ADESA,9/13/2019
17,F150,ADESA,9/13/2019
17,F150,ADESA,9/13/2019
18,F150,ADESA,9/13/2019
17,F150,ADESA,9/13/2019
17,F150,ADESA,9/13/2019
18,F150,ADESA,9/13/2019
17,F150,ADESA,9/13/2019
17,F150,ADESA,9/13/2019
17,F150,ADESA,9/13/2019
17,F150,ADESA,9/13/2019
16,F150,ADESA,9/13/2019
17,F150,ADESA,9/13/2019
17,F150,ADESA,9/13/2019
16,F150,ADESA,9/9/2019
5,RAM 1500,ALEXANDRIA,9/17/2019
8,NITRO,ALEXANDRIA,9/17/2019
9,ELANTRA,ALEXANDRIA,9/17/2019
5,FRONTIER,ALEXANDRIA,9/17/2019
13,IMPREZA,ALEXANDRIA,9/17/2019
10,F150,ALEXANDRIA,9/17/2019
12,ACCORD,ALEXANDRIA,9/17/2019
11,CRV,ALEXANDRIA,9/17/2019
12,F150,AUTO LEASING,8/30/2019
14,F150,AUTO LEASING,8/30/2019
18,CAMRY,AUTO LEASING,9/16/2019
14,SANTA FE,AUTO LEASING,9/16/2019
13,F150,AUTO LEASING,9/16/2019
15,FUSIONS,ADESA,9/20/2019
16,EDGE,ADESA,9/20/2019
17,F150,ADESA,9/20/2019
17,F150,ADESA,9/20/2019
16,F150,ADESA,9/20/2019
17,EXPLORER,ADESA,9/20/2019
17,F150,ADESA,9/20/2019
17,F150,ADESA,9/20/2019
15,ESCAPE,ADESA,9/20/2019
15,EXSCAPE,ADESA,9/20/2019
16,F150,ADESA,9/20/2019
16,EDGE,ADESA,9/20/2019
18,EDGE,ADESA,9/20/2019
18,F150,ADESA,9/20/2019
18,F150,ADESA,9/20/2019
18,F150,ADESA,9/20/2019
16,F150,ADESA,9/20/2019
17,F150,ADESA,9/20/2019
16,EDGE,ADESA,9/20/2019
18,F150,ADESA,9/20/2019
17,F150,ADESA,9/20/2019
16,F150,ADESA,9/20/2019
16,F150,ADESA,9/20/2019
15,ESCAPE,ADESA,9/20/2019
10,JOURNEY,TRADEREV,9/10/2019
7,F150,TRADEREV,9/19/2019
10,ROGUE,TRADEREV,9/19/2019
15,MURANO,TRADEREV,9/16/2019
16,WRANGLER,TRADEREV,8/26/2019
19,ELANTRA,TRADEREV,9/6/2019
13,F150,TRADEREV,9/9/2019
13,F150,TRADEREV,9/9/2019
16,CHEROKEE,TRADEREV,9/6/2019
15,EDGE,TURBOX,8/16/2019
17,EXPLORER,TURBOX,8/15/2019
17,F150,TURBOX,7/13/2019
16,F150,TURBOX,8/8/2019
16,F150,TURBOX,8/8/2019
16,EDGE,TURBOX,8/8/2019
15,EDGE,TURBOX,8/8/2019
16,FUSION,TURBOX,8/8/2019
16,EDGE,TURBOX,8/8/2019
17,F150,TURBOX,8/8/2019
17,EDGE,TURBOX,8/8/2019
16,F150,TURBOX,8/26/2019
17,F150,TURBOX,8/26/2019
16,F150,TURBOX,8/26/2019
17,F150,TURBOX,8/26/2019
17,EXPLORER,ADESA,9/23/2019
11,PATRIOT,ALEXANDRIA,9/23/2019
8,T&C,ALEXANDRIA,9/23/2019
12,SILVERADO,ALEXANDRIA,9/23/2019
10,CAMARO,ALEXANDRIA,9/23/2019
7,VOLVO S60,ALEXANDRIA,9/23/2019
14,CARAVAN,ALEXANDRIA,9/23/2019
14,Q50,AUTO LEASING,9/23/2019
14,FOCUS,AUTO LEASING,9/23/2019
13,ESCAPE,AUTO LEASING,9/23/2019
14,FOCUS,AUTO LEASING,9/23/2019
12,FIESTA,AUTO LEASING,9/23/2019
18,F150,ADESA,9/27/2019
18,MKX,ADESA,9/27/2019
17,F150,ADESA,9/27/2019
15,EDGE,ADESA,9/27/2019
17,F150,ADESA,9/27/2019
18,F150,ADESA,9/27/2019
17,F150,ADESA,9/27/2019
15,ESCAPE,ADESA,9/27/2019
17,ESCAPE,ADESA,9/27/2019
17,ESCAPE,ADESA,9/27/2019
17,ESCAPE,ADESA,9/27/2019
14,MAZDA 3,TRADEREV,9/26/2019
10,SILVERADO,TRADEREV,9/30/2019
12,SEQUOIA,TAB,9/27/2019
16,F150,TURBOX,
17,F150,TURBOX,
16,F150,TURBOX,
17,F150,TURBOX,
16,F150,TURBOX,
17,F150,TURBOX,
13,EXPLORER,AUTO LEASING,9/30/2019
16,CHEROKEE,AUTO LEASING,9/30/2019
17,F150,ADESA,10/2/2019
15,MKC,ADESA,10/1/2019
17,F150,ADESA,10/1/2019
14,ESCAPE,ADESA,9/30/2019
16,MKX,ADESA,9/30/2019
13,CARAVAN,TRADEREV,10/4/2019
9,ESCAPE,TRADEREV,10/3/2019
8,SANTA FE,TRADEREV,10/3/2019
11,SPRINTER,TRADEREV,10/3/2019
15,SONATA,TRADEREV,10/3/2019
14,F150,TRADEREV,9/26/2019
15,F150,TRADEREV,9/19/2019
15,MKC,ADESA,10/4/2019
17,F150,ADESA,10/4/2019
14,F150,ADESA,10/4/2019
17,F150,ADESA,10/4/2019
16,F150,ADESA,10/4/2019
16,EDGE,ADESA,10/4/2019
16,F150,ADESA,10/4/2019
17,F150,ADESA,10/4/2019
18,F150,ADESA,10/4/2019
17,F150,ADESA,10/4/2019
16,F150,ADESA,10/4/2019
18,F150,ADESA,10/4/2019
18,F150,ADESA,10/4/2019
17,F150,ADESA,10/4/2019
17,F450,ADESA,10/4/2019
13,F150,MANHEIM,10/1/2019
15,MKZ,MANHEIM,10/1/2019
16,ESCAPE,MANHEIM,10/1/2019
16,EDGE,MANHEIM,10/1/2019
11,EDGE,MANHEIM,10/1/2019
16,EDGE,MANHEIM,10/1/2019
12,TIGUAN,MANHEIM,10/1/2019
14,FOCUS,MANHEIM,10/1/2019
10,F150,MANHEIM,10/1/2019
16,EDGE,MANHEIM,10/1/2019
15,MKC,MANHEIM,10/1/2019
16,EDGE,MANHEIM,10/1/2019
15,EDGE,MANHEIM,10/1/2019
17,CIVIC,MANHEIM,10/1/2019
16,ESCAPE,MANHEIM,10/1/2019
4,EXPEDITION,STAFFORD,10/16/2019
6,TORRENT,STAFFORD,10/16/2019
6,F150,STAFFORD,10/16/2019
10,TERRAIN,STAFFORD,10/16/2019
13,FIAT 500,STAFFORD,10/16/2019
1,BMW 325,STAFFORD,
18,F150,PRESTIGE,
13,SANTA FE,PRESTIGE,10/9/2019
15,JUKE,PRESTIGE,10/9/2019
17,SAVANA,PRESTIGE,10/9/2019
14,CIVIC,PRESTIGE,10/9/2019
14,CRUZE,AUTO LEASING,10/8/2019
14,SANTA FE,AUTO LEASING,10/8/2019
15,TRANSIT,AUTO LEASING,10/8/2019
17,WRANGLER,AUTO LEASING,10/8/2019
16,MUSTANG,AUTO LEASING,10/8/2019
18,SANTA FE,AUTO LEASING,10/8/2019
19,RAM 2500,AUTO LEASING,10/8/2019
13,EDGE,AUTO LEASING,10/8/2019
12,IMPREZA,AUTO LEASING,10/8/2019
14,CRUZE,AUTO LEASING,10/8/2019
19,NAVIGATOR,TO SMRT CARS,10/8/2019
19,NAVIGATOR,TO SMRT CARS,10/8/2019
19,EXPEDITION,TO SMRT CARS,10/8/2019
18,RAPTOR,TO SMRT CARS,10/8/2019
15,F150,ADESA,10/7/2019
14,F150,TURBOX,
10,F150,TURBOX,
11,EDGE,TRADEREV,10/9/2019
8,CRV,TRADEREV,10/9/2019
4,CAMRY,TRADEREV,10/9/2019
17,F150,ADESA,10/9/2019
15,F150,ADESA,10/9/2019
16,F150,MANHEIM ARS,10/10/2019
15,F150,MANHEIM ARS,10/10/2019
17,F150,MANHEIM ARS,10/10/2019
18,F150,MANHEIM ARS,10/10/2019
17,F150,MANHEIM ARS,10/10/2019
14,RAM 1500,S&D MOTOR,10/19/2019
15,SAVANA,S&D MOTOR,10/19/2019
16,EXPLORER,MANHEIM,10/8/2019
14,F250,MANHEIM,10/1/2019
17,MUSTANG,MANHEIM,10/1/2019
13,FUSION,MANHEIM,10/8/2019
15,MERCEDES,MANHEIM,10/8/2019
17,EXPLORER,MANHEIM,10/8/2019
10,SILVERADO,MANHEIM,10/8/2019
16,EDGE,MANHEIM,10/8/2019
15,EDGE,MANHEIM,10/8/2019
16,EDGE,MANHEIM,10/8/2019
15,EDGE,MANHEIM,10/8/2019
6,MONTANA,ALEXANDRIA,10/9/2019
10,OUTLANDER,ALEXANDRIA,10/9/2019
9,G8,ALEXANDRIA,10/9/2019
13,EDGE,ALEXANDRIA,10/9/2019
14,PILOT,ALEXANDRIA,10/9/2019
14,FORTE,ALEXANDRIA,10/9/2019
8,ESCALADE,ALEXANDRIA,10/9/2019
13,A3,ALEXANDRIA,10/9/2019
8,ROVER,ALEXANDRIA,10/9/2019
9,SCION,ALEXANDRIA,10/9/2019
10,MAZDA 3,ALEXANDRIA,10/9/2019
18,F150,ADESA,10/11/2019
18,F150,ADESA,10/11/2019
18,F150,ADESA,10/11/2019
16,F150,ADESA,10/11/2019
17,F150,ADESA,10/11/2019
18,F150,ADESA,10/11/2019
17,F150,ADESA,10/11/2019
16,F150,ADESA,10/11/2019
16,F150,ADESA,10/11/2019
16,F150,ADESA,10/11/2019
17,F150,ADESA,10/11/2019
18,F150,ADESA,10/11/2019
18,F150,ADESA,10/11/2019
17,ESCAPE,ADESA,10/11/2019
17,ESCAPE,ADESA,10/11/2019
13,EXPLORER,MANHEIM,10/8/2019
7,F150,SOCKET SCRAP,10/15/2019
1,ESCAPE,SOCKET SCRAP,10/15/2019
8,CARAVAN,SOCKET SCRAP,10/15/2019
8,TRIBUTE,SOCKET SCRAP,10/15/2019
6,MAZDA 6,SOCKET SCRAP,10/15/2019
7,ENTOURAGE,SOCKET SCRAP,10/15/2019
16,F150,AUTO LEASING,10/15/2019
8,F250,AUTO LEASING,10/15/2019
16,TUNDRA,AUTO LEASING,10/23/2019
9,F550,AUTO LEASING,10/18/2019
17,F150,AUTO LEASING,10/18/2019
17,SIERRA,AUTO LEASING,10/18/2019
17,F250,ADESA,10/18/2019
15,F150,ADESA,10/18/2019
16,F150,ADESA,10/18/2019
17,F150,ADESA,10/18/2019
17,F150,ADESA,10/18/2019
16,F150,ADESA,10/18/2019
15,F150,ADESA,10/18/2019
18,F150,ADESA,10/18/2019
17,F150,ADESA,10/18/2019
17,F150,ADESA,10/18/2019
16,F150,ADESA,10/18/2019
18,F150,ADESA,10/18/2019
17,F150,ADESA,10/18/2019
17,F150,ADESA,10/18/2019
18,F150,ADESA,10/18/2019
16,F150,ADESA,10/18/2019
17,F150,ADESA,10/18/2019
17,F150,ADESA,10/18/2019
17,F150,ADESA,10/18/2019
17,F150,ADESA,10/18/2019
17,F150,ADESA,10/18/2019
17,F150,ADESA,10/18/2019
19,F150,ADESA,10/17/2019
16,F150,MANHEIM ARS,10/17/2019
17,F150,MANHEIM ARS,10/17/2019
9,ESCAPE,TRADEREV,10/11/2019
11,F150,TRADEREV,10/12/2019
17,F150,ADESA,10/22/2019
16,F150,ADESA,10/21/2019
15,GLA45,TRADEREV,10/21/2019
17,F150,ADESA,10/25/2019
17,F150,ADESA,10/25/2019
17,F150,ADESA,10/25/2019
16,F150,ADESA,10/25/2019
17,F150,ADESA,10/25/2019
16,F150,ADESA,10/25/2019
16,F150,ADESA,10/25/2019
18,F150,ADESA,10/25/2019
16,F150,ADESA,10/25/2019
17,F150,ADESA,10/25/2019
16,F150,ADESA,10/25/2019
18,F150,ADESA,10/25/2019
17,F150,ADESA,10/25/2019
16,F150,ADESA,10/25/2019
18,F150,ADESA,10/25/2019
16,F150,ADESA,10/25/2019
16,F150,ADESA,10/25/2019
12,CARAVAN,MANHEIM,10/22/2019
11,MURANO,MANHEIM,10/22/2019
18,F150,ADESA,10/28/2019
16,F150,ADESA,10/28/2019
1,CARAVAN,SOCKET SCRAP,10/27/2019
7,RANGER,SOCKET SCRAP,10/27/2019
8,F250,SOCKET SCRAP,10/27/2019
9,MAZDA 5,SOCKET SCRAP,10/27/2019
6,MONTANA,SOCKET SCRAP,10/27/2019
15,SORENTO,DURHAM KIA,11/1/2019
13,OPTIMA,DURHAM KIA,11/1/2019
18,FORTE,DURHAM KIA,11/1/2019
18,F150,ADESA,11/1/2019
18,F150,ADESA,11/1/2019
15,F150,ADESA,11/1/2019
17,F150,ADESA,11/1/2019
15,F150,ADESA,11/1/2019
18,F150,ADESA,11/1/2019
15,F150,ADESA,11/1/2019
16,F150,ADESA,11/1/2019
18,F150,ADESA,11/1/2019
18,F150,ADESA,11/1/2019
18,F150,ADESA,11/1/2019
12,XC60,PRESTIGE,11/5/2019
17,F150,PRESTIGE,11/5/2019
17,VERSA NOTE,PRESTIGE,11/5/2019
16,EXPLORER,PRESTIGE,11/5/2019
16,MERCEDES,PRESTIGE,11/5/2019
18,F150,ADESA,9/27/2019
18,F150,ADESA,9/26/2019
13,TUCSON,ALEXANDRIA,10/31/2019
9,F150,ALEXANDRIA,10/31/2019
9,SIERRA,ALEXANDRIA,10/31/2019
10,CARAVAN,ALEXANDRIA,10/31/2019
12,PASSAT,ALEXANDRIA,10/31/2019
7,DAKOTA,ALEXANDRIA,10/31/2019
16,F150,ADESA,11/4/2019
16,F150,TRADEREV,11/1/2019
12,FOCUS,TRADEREV,11/1/2019
10,EDGE,TRADEREV,11/2/2019
10,F150,TRADEREV,11/2/2019
11,F150,TRADEREV,11/2/2019
15,ROGUE,MEADOWVALE,11/8/2019
16,COROLLA,MEADOWVALE,11/8/2019
18,WRX,MEADOWVALE,11/8/2019
16,COROLLA,MEADOWVALE,11/8/2019
19,F150,TO SMRT CARS,11/5/2019
19,C-HR,PRESTIGE,11/7/2019
17,F150,TRADEREV,11/5/2019
10,F150,TRADEREV,11/4/2019
10,F150,TRADEREV,11/4/2019
18,F150,ADESA,11/6/2019
18,F150,ADESA,11/6/2019
15,F150,ADESA,11/6/2019
18,F150,ADESA,11/6/2019
17,F150,ADESA,11/5/2019
18,F150,ADESA,11/5/2019
16,F150,ADESA,11/5/2019
16,TIGUAN,AUTO LEASING,11/9/2019
12,SILVERADO,AUTO LEASING,11/9/2019
11,MKX,AUTO LEASING,11/9/2019
11,ESCALADE,AUTO LEASING,11/9/2019
15,ESCALADE,AUTO LEASING,11/9/2019
19,F150,ADESA,10/23/2019
11,SONATA,MANHEIM,11/5/2019
13,F150,MANHEIM,11/5/2019
13,SIENNA,MANHEIM,11/5/2019
13,CROSSTREK,MANHEIM,10/15/2019
16,MKC,MANHEIM,10/15/2019
15,FOCUS,MANHEIM,10/29/2019
15,FIESTA,MANHEIM,10/29/2019
14,FOCUS,MANHEIM,10/29/2019
16,F150,ADESA,11/8/2019
16,F150,ADESA,11/8/2019
17,F150,ADESA,11/8/2019
16,F150,ADESA,11/8/2019
16,F150,ADESA,11/8/2019
16,F150,ADESA,11/8/2019
17,F150,ADESA,11/8/2019
17,F150,ADESA,11/8/2019
17,EDGE,TURBOX,8/8/2019
16,F150,TURBOX,
16,F150,TURBOX,
12,F150,TURBOX,
17,F150,TURBOX,
17,F150,TURBOX,
16,F150,TURBOX,
16,F150,TURBOX,
17,F150,TURBOX,
17,F150,TURBOX,
16,F150,TURBOX,11/6/2019
11,MKX,S&D MOTOR,12/24/2019
12,EQUINOX,S&D MOTOR,12/24/2019
13,CARAVAN,S&D MOTOR,12/24/2019
11,EDGE,S&D MOTOR,12/24/2019
11,TAHOE,ALEXANDRIA,11/12/2019
12,SIERRA,ALEXANDRIA,11/12/2019
8,EXPEDITION,ALEXANDRIA,11/12/2019
16,F150,ADESA,11/13/2019
18,F150,ADESA,11/13/2019
18,F150,ADESA,11/13/2019
18,F150,ADESA,11/12/2019
16,F150,ADESA,11/12/2019
10,SIERRA,BILL SPENCER,11/12/2019
18,F150,ADESA,11/15/2019
18,F150,ADESA,11/15/2019
18,F150,ADESA,11/15/2019
18,F150,ADESA,11/15/2019
17,F150,ADESA,11/15/2019
16,F150,ADESA,11/15/2019
16,F150,ADESA,11/15/2019
17,F150,ADESA,11/15/2019
17,F150,ADESA,11/15/2019
16,F150,ADESA,11/15/2019
19,F150,ADESA,11/15/2019
17,F150,ADESA,11/15/2019
16,F150,ADESA,11/15/2019
16,F150,ADESA,11/15/2019
17,F150,ADESA,11/15/2019
17,F150,ADESA,11/15/2019
18,F150,ADESA,11/15/2019
17,F150,ADESA,11/15/2019
17,F150,ADESA,11/15/2019
16,F150,ADESA,11/15/2019
17,F150,PROGRESSIVE,11/19/2019
17,F150,PROGRESSIVE,11/19/2019
17,F150,PROGRESSIVE,11/19/2019
14,1500,TURBOX,11/19/2019
17,SANTA FE,TRADEREV,11/16/2019
17,F150,TRADEREV,11/15/2019
16,F150,TURBOX,11/19/2019
13,1500,TURBOX,11/12/2019
15,F150,ADESA,11/20/2019
18,F150,ADESA,11/20/2019
17,F150,ADESA,11/20/2019
17,F150,ADESA,11/22/2019
18,F150,ADESA,11/22/2019
17,F150,ADESA,11/22/2019
16,F150,ADESA,11/22/2019
16,F150,ADESA,11/22/2019
17,F150,ADESA,11/22/2019
16,F150,ADESA,11/22/2019
16,F150,ADESA,11/22/2019
18,F150,ADESA,11/22/2019
17,F150,ADESA,11/22/2019
17,F150,ADESA,11/22/2019
16,F150,ADESA,11/22/2019
18,ATLAS,TRADEREV,11/15/2019
5,F150,SOCKET SCRAP,11/16/2019
3,G35,SOCKET SCRAP,11/16/2019
8,F250,SOCKET SCRAP,11/16/2019
6,EXPRESS,SOCKET SCRAP,11/16/2019
6,ECONO,SOCKET SCRAP,11/16/2019
7,FOCUS,SOCKET SCRAP,11/16/2019
15,EDGE,PRESTIGE,11/29/2019
15,EDGE,PRESTIGE,11/29/2019
16,F350,PRESTIGE,11/29/2019
16,F150,PROGRESSIVE,11/26/2019
17,F150,PROGRESSIVE,11/26/2019
17,F150,PROGRESSIVE,11/26/2019
17,F150,PROGRESSIVE,11/26/2019
18,F150,PROGRESSIVE,11/26/2019
18,F150,ADESA,11/25/2019
17,F150,ADESA,11/26/2019
17,F150,AUTO LEASING,11/20/2019
11,JOURNEY,AUTO LEASING,11/20/2019
13,F150,AUTO LEASING,11/20/2019
12,F150,AUTO LEASING,11/20/2019
9,F150,AUTO LEASING,11/20/2019
18,F150,ADESA,11/27/2019
18,F150,ADESA,11/27/2019
18,F150,ADESA,11/27/2019
18,F150,ADESA,12/2/2019
18,F150,ADESA,12/2/2019
18,F150,ADESA,12/2/2019
17,F150,ADESA,12/2/2019
17,F150,ADESA,12/2/2019
17,F150,ADESA,12/2/2019
17,F150,ADESA,12/2/2019
17,F150,ADESA,12/2/2019
17,F150,ADESA,12/2/2019
16,F150,ADESA,12/2/2019
15,F150,ADESA,12/2/2019
16,F150,MANHEIM ARS,12/2/2019
17,FOCUS,MANHEIM ARS,12/2/2019
16,F150,MANHEIM ARS,12/2/2019
17,ESCAPE,ONT CAR STORE,11/28/2019
10,EDGE,TRADEREV,11/26/2019
6,MAGENTIS,TRADEREV,11/22/2019
15,ESCAPE,TRADEREV,11/22/2019
8,NITRO,TRADEREV,11/18/2019
17,F150,TRADEREV,11/29/2019
16,EXPLORER,TRADEREV,11/22/2019
16,MUSTANG,TRADEREV,11/22/2019
17,F150,MANHEIM,11/12/2019
17,JETTA,MANHEIM,10/22/2019
17,F150,ADESA,11/28/2019
10,ESCAPE,SOCKET SCRAP,11/30/2019
9,ESCAPE,SOCKET SCRAP,11/30/2019
11,EDGE,TRADEREV,11/28/2019
17,JETTA,TURBOX,11/29/2019
14,CHEROKEE,TURBOX,11/29/2019
13,SIERRA,TURBOX,12/2/2019
18,F150,ADESA,12/4/2019
17,F150,ADESA,12/6/2019
17,F150,ADESA,12/6/2019
16,F150,ADESA,12/6/2019
16,F150,ADESA,12/6/2019
13,F150,ADESA,12/6/2019
17,F150,PROGRESSIVE,12/5/2019
17,EXPLORER,PROGRESSIVE,12/5/2019
17,F150,PROGRESSIVE,12/5/2019
17,F150,PROGRESSIVE,12/5/2019
18,F150,PROGRESSIVE,12/5/2019
13,F150,PROGRESSIVE,12/9/2019
16,CANYON,TURBOX,12/5/2019
10,EQUINOX,TURBOX,12/5/2019
17,F150,ADESA,12/4/2019
17,F150,ADESA,12/4/2019
17,F150,ADESA,11/27/2019
17,F150,MANHEIM,12/6/2019
18,F150,MANHEIM,12/3/2019
12,CHEROKEE,TRADEREV,12/9/2019
17,RAM 1500,TRADEREV,12/9/2019
17,F150,PROGRESSIVE,12/12/2019
18,F150,PROGRESSIVE,12/12/2019
16,F150,PROGRESSIVE,12/12/2019
17,F150,PROGRESSIVE,12/12/2019
16,F150,PROGRESSIVE,12/12/2019
16,F150,PROGRESSIVE,12/12/2019
16,F150,PROGRESSIVE,12/12/2019
18,F150,PROGRESSIVE,12/12/2019
16,F150,ADESA,12/10/2019
18,F150,ADESA,12/11/2019
17,F150,ADESA,12/13/2019
18,F150,ADESA,12/13/2019
16,F150,ADESA,12/13/2019
15,F150,ADESA,12/13/2019
16,F150,ADESA,12/13/2019
16,FOCUS,MANHEIM,12/3/2019
17,F150,MANHEIM,12/3/2019
18,F150,MANHEIM,11/29/2019
13,F150,MANHEIM,11/28/2019
12,F150,MANHEIM,11/28/2019
5,F150,MANHEIM,11/28/2019
14,CHEROKEE,MANHEIM,11/28/2019
5,F250,MANHEIM,11/28/2019
17,EDGE,MANHEIM,11/28/2019
16,MKC,MANHEIM,11/28/2019
15,MKC,MANHEIM,11/28/2019
11,SILVERADO,AUTO LEASING,12/16/2019
15,ESCAPE,AUTO LEASING,12/16/2019
13,F150,AUTO LEASING,12/16/2019
8,MKZ,AUTO LEASING,12/16/2019
11,ESCAPE,AUTO LEASING,12/16/2019
11,F150,AUTO LEASING,12/16/2019
8,FUSION,AUTO LEASING,12/16/2019
11,VERSA,AUTO LEASING,12/16/2019
12,FOCUS,AUTO LEASING,12/16/2019
9,G6,AUTO LEASING,12/16/2019
8,CX9,AUTO LEASING,12/16/2019
11,ESCAPE,AUTO LEASING,12/16/2019
13,F150,AUTO LEASING,12/16/2019
11,F150,AUTO LEASING,12/16/2019
17,CARAVAN,SUN AUTO,12/17/2019
18,F150,MANHEIM ARS,12/19/2019
16,F150,ADESA,12/20/2019
16,F150,ADESA,12/20/2019
17,F150,ADESA,12/20/2019
17,F150,ADESA,12/20/2019
17,F150,ADESA,12/20/2019
17,F150,ADESA,12/20/2019
14,F150,DURHAM KIA,12/13/2019
11,MAZDA CX7,TRADEREV,12/16/2019
13,EDGE,TRADEREV,12/16/2019
14,F150,TRADEREV,12/16/2019
17,F150,PROGRESSIVE,12/30/2019
18,F150,PROGRESSIVE,12/30/2019
16,F150,PROGRESSIVE,12/30/2019
17,F150,PROGRESSIVE,12/30/2019
18,F150,PROGRESSIVE,12/30/2019
17,F150,PROGRESSIVE,12/30/2019
18,F150,PROGRESSIVE,12/30/2019
17,F150,PROGRESSIVE,12/30/2019
17,F150,PROGRESSIVE,12/30/2019
3,CROWN VIC,SOCKET SCRAP,12/28/2019
7,FUSION,SOCKET SCRAP,12/28/2019
8,CIVIC,SOCKET SCRAP,12/28/2019
12,KARMA,TRADEREV,1/2/2020
11,F150,TRADEREV,12/24/2019
19,MUSTANG,TRADEREV,11/26/2019
8,TUNDRA,TRADEREV,12/16/2019
13,F150,TRADEREV,1/2/2020
16,F150,TRADEREV,12/31/2019
17,F150,TRADEREV,12/31/2019
16,F150,TRADEREV,12/31/2019
16,F150,TRADEREV,12/31/2019
17,F150,TRADEREV,12/31/2019
16,F150,TRADEREV,12/31/2019
17,F150,ADESA,1/2/2020
17,F150,TRADEREV,1/3/2020
18,F150,PROGRESSIVE,-
16,F150,PROGRESSIVE,-
18,F150,PROGRESSIVE,-
17,F150,PROGRESSIVE,-
18,F150,PROGRESSIVE,-
16,EDGE,MEADOWVALE,12/12/2019
17,F150,PROGRESSIVE,-
17,F150,PROGRESSIVE,-
17,F150,PROGRESSIVE,-
15,F150,PROGRESSIVE,-
17,F150,PROGRESSIVE,-
8,COLORADO,ALEXANDRIA,1/6/2020
7,XC70,ALEXANDRIA,1/6/2020
7,EXPLORER,ALEXANDRIA,1/6/2020
16,FOCUS,ALEXANDRIA,1/6/2020
13,EDGE,ALEXANDRIA,1/6/2020
13,EDGE,ALEXANDRIA,1/6/2020
17,F150,TRADEREV,12/11/2019
17,TOYOTA 86,TURBOX,12/13/2019
14,FIESTA,TURBOX,12/13/2019
11,NAVIGATOR,TURBOX,12/13/2019
16,EDGE,TURBOX,12/17/2019
16,F150,TURBOX,12/17/2019
16,EDGE,TURBOX,12/17/2019
19,COROLLA,TRADEREV,1/6/2020
12,ESCAPE,TRADEREV,1/7/2020
18,NAVIGATOR,TRADEREV,1/6/2020
16,ESCAPE,TRADEREV,1/7/2020
15,ACCENT,AUTO LEASING,1/8/2020
8,F150,AUTO LEASING,1/8/2020
12,ESCAPE,AUTO LEASING,1/8/2020
12,F150,AUTO LEASING,1/8/2020
11,FIESTA,AUTO LEASING,1/8/2020
11,F150,AUTO LEASING,1/8/2020
11,CAYENNE,AUTO LEASING,1/8/2020
16,F150,AUTO LEASING,12/23/2019
16,F150,AUTO LEASING,12/23/2019
10,ESCAPE,TRADEREV,11/22/2019
16,MUSTANG,TRADEREV,11/22/2019
17,F150,PROGRESSIVE,1/8/2020
17,F150,PROGRESSIVE,1/8/2020
17,EXPLORER,PROGRESSIVE,1/8/2020
18,F150,AUTO CONNECT,1/10/2020
18,F150,ADESA,1/10/2020
16,F150,AUTO LEASING,1/10/2020
13,F150,GATEWAY CHEV,1/13/2020
17,RAM 1500,GATEWAY CHEV,1/14/2020
19,F150,PROGRESSIVE,1/14/2020
18,F150,PROGRESSIVE,1/14/2020
18,F150,TRADEREV,1/13/2020
15,SILVERADO,TRADEREV,1/13/2020
11,LEXUS CT200H,TRADEREV,1/14/2020
15,F150,TRADEREV,1/14/2020
19,MUSTANG,TRADEREV,1/13/2020
12,F250,PROGRESSIVE,12/12/2019
16,F150,AUTO LEASING,12/30/2019
17,GLE400,MEADOWVALE,1/15/2020
17,COROLLA,MEADOWVALE,1/15/2020
15,ACCORD,MEADOWVALE,1/15/2020
3,HUMMER H2,PRESTIGE,1/20/2020
17,RIDGELINE,PRESTIGE,1/20/2020
10,C6G,PRESTIGE,1/20/2020
16,F150,PRESTIGE,1/20/2020
16,GOLF,PRESTIGE,1/20/2020
15,OUTLANDER,PRESTIGE,1/20/2020
18,F150,PRESTIGE,1/20/2020
16,F150,ADESA,1/15/2020
10,F150,ALEXANDRIA,1/15/2020
8,SILVERADO,ALEXANDRIA,1/15/2020
9,SORENTO,ALEXANDRIA,1/15/2020
12,F150,ALEXANDRIA,1/15/2020
10,ELANTRA,ALEXANDRIA,1/15/2020
19,NAVIGATOR,TRADEREV,1/15/2020
17,F150,TRADEREV,1/16/2020
17,F150,TRADEREV,1/16/2020
16,1500,AUTO LEASING,2/6/2020
15,TAHOE,AUTO LEASING,12/30/2019
15,ROGUE,AUTO LEASING,1/21/2020
11,F150,AUTO LEASING,1/21/2020
15,C300,AUTO LEASING,1/21/2020
18,F150,AUTO LEASING,12/30/2019
11,FIESTA,AUTO LEASING,1/21/2020
15,F150,AUTO LEASING,2/6/2020
15,EDGE,AUTO LEASING,1/21/2020
16,F150,PROGRESSIVE,1/23/2020
16,F150,PROGRESSIVE,1/23/2020
17,F150,PROGRESSIVE,1/23/2020
14,F150,PROGRESSIVE,1/23/2020
14,F150,AUTO LEASING,12/30/2019
14,CRV,PRESTIGE,1/28/2020
13,A4,PRESTIGE,1/28/2020
11,B200,PRESTIGE,1/28/2020
17,F150,PRESTIGE,1/28/2020
17,F150,PRESTIGE,1/28/2020
15,F150,PRESTIGE,1/28/2020
18,F150,PRESTIGE,1/28/2020
18,F150,PROGRESSIVE,2/3/2020
18,F150,PROGRESSIVE,2/3/2020
18,F150,PROGRESSIVE,2/3/2020
17,F150,PROGRESSIVE,2/3/2020
17,F250,PROGRESSIVE,2/3/2020
16,F150,PROGRESSIVE,2/3/2020
17,EXPLORER,PROGRESSIVE,2/3/2020
10,E350,AUTO LEASING,1/30/2020
9,CANYON,AUTO LEASING,1/30/2020
15,FOCUS,AUTO LEASING,1/30/2020
13,ESCAPE,AUTO LEASING,1/30/2020
13,ESCAPE,AUTO LEASING,1/30/2020
13,FUSION,AUTO LEASING,1/30/2020
8,CRV,AUTO LEASING,1/30/2020
15,F150,TRADEREV,1/30/2020
18,F150,TRADEREV,1/24/2020
12,SANTA FE,TRADEREV,1/24/2020
15,FUSION,TRADEREV,1/28/2020
17,F150,TRADEREV,1/28/2020
10,FX35,TRADEREV,1/28/2020
18,F150,TRADEREV,1/28/2020
16,FOCUS,TRADEREV,1/30/2020
18,CX5,TRADEREV,1/28/2020
7,F150,SOCKET SCRAP,1/31/2020
10,MAZDA 3,SOCKET SCRAP,1/31/2020
7,EDGE,SOCKET SCRAP,1/31/2020
8,ESCAPE,SOCKET SCRAP,1/31/2020
6,ESCAPE,SOCKET SCRAP,1/31/2020
6,FUSION,SOCKET SCRAP,1/31/2020
4,EXPLORER,ALEXANDRIA,1/31/2020
12,BMW X5,ALEXANDRIA,1/31/2020
11,F150,ALEXANDRIA,1/31/2020
9,CARAVAN,ALEXANDRIA,1/31/2020
5,MUSTANG,ALEXANDRIA,1/31/2020
9,FLEX,ALEXANDRIA,1/31/2020
11,BMW X5,MANHEIM,1/23/2020
4,F150,MANHEIM,1/23/2020
6,CAYENNE,MANHEIM,1/23/2020
17,ESCAPE,ADESA,1/29/2020
16,F150,ADESA,1/29/2020
13,CX9,TRADEREV,2/4/2020
14,F150,TRADEREV,2/4/2020
14,F150,TRADEREV,2/4/2020
13,WRANGLER,TRADEREV,2/4/2020
16,F150,TRADEREV,2/4/2020
17,CRUZE,AUTO LEASING,2/6/2020
19,NAVIGATOR,TRADEREV,1/31/2020
17,F150,ADESA,1/29/2020
18,F150,ADESA,2/5/2020
18,F150,TRADEREV,1/28/2020
17,F150,TRADEREV,2/7/2020
17,F150,ADESA,2/14/2020
17,F350,ADESA,2/14/2020
13,F150,ADESA,2/14/2020
17,F150,ADESA,2/14/2020
18,F150,ADESA,2/14/2020
17,F150,ADESA,2/14/2020
17,F150,ADESA,2/14/2020
17,F150,ADESA,2/14/2020
17,F150,ADESA,2/14/2020
17,F150,ADESA,2/14/2020
8,CARAVAN,ALEXANDRIA,2/20/2020
7,BMW X5,ALEXANDRIA,2/20/2020
8,TL TYPE-S,ALEXANDRIA,2/20/2020
9,LEXUS A25,ALEXANDRIA,2/20/2020
16,EDGE,TURBOX,2/11/2020
18,F150,MANHEIM,1/30/2020
17,F150,MANHEIM,1/30/2020
15,F150,MANHEIM,2/4/2020
17,F150,MANHEIM,2/4/2020
18,F150,MANHEIM,2/4/2020
17,F150,MANHEIM,2/4/2020
18,F150,MANHEIM,1/31/2020
15,CARAVAN,MANHEIM,2/4/2020
17,ESCAPE,MANHEIM,2/4/2020
17,F150,MANHEIM,2/4/2020
16,MKX,MANHEIM,2/4/2020
9,S45,MANHEIM,2/7/2020
18,F150,MANHEIM,2/7/2020
18,F150,ADESA,2/21/2020
18,F150,ADESA,2/21/2020
17,F150,ADESA,2/21/2020
16,F150,ADESA,2/21/2020
17,F150,ADESA,2/21/2020
17,F150,ADESA,2/21/2020
17,F150,ADESA,2/21/2020
17,F150,ADESA,2/21/2020
18,F150,ADESA,2/21/2020
18,F150,ADESA,2/21/2020
17,F150,ADESA,2/21/2020
4,F150,SOCKET SCRAP,8/19/2019
11,SIERRA,ALEXANDRIA,2/16/2020
17,CIVIC,TURBOX,2/14/2020
14,QX60,TRADEREV,2/20/2020
17,ALTIMA,TRADEREV,2/20/2020
18,BMW I3,TRADEREV,2/20/2020
16,4RUNNER,TRADEREV,2/20/2020
11,RAV4,TRADEREV,2/13/2020
15,COROLLA,TRADEREV,2/13/2020
16,F150,TRADEREV,2/13/2020
16,F150,PROGRESSIVE,2/24/2020
17,F150,PROGRESSIVE,2/24/2020
17,F150,PROGRESSIVE,2/24/2020
17,F150,PROGRESSIVE,2/24/2020
17,F150,PROGRESSIVE,2/24/2020
18,F150,ADESA,2/28/2020
16,F150,ADESA,2/28/2020
18,F150,ADESA,2/28/2020
17,F150,ADESA,2/28/2020
17,F150,ADESA,2/28/2020
17,F150,ADESA,2/28/2020
17,F150,ADESA,2/28/2020
17,F150,ADESA,2/28/2020
16,EXPLORER,ADESA,2/28/2020
17,EDGE,PRESTIGE,2/28/2020
15,EDGE,PRESTIGE,2/28/2020
15,F150,PRESTIGE,2/28/2020
16,GL350,PRESTIGE,2/28/2020
18,BMW X3,TURBOX,2/25/2020
18,F150,ADESA,3/6/2020
18,F150,ADESA,3/6/2020
18,F150,ADESA,3/6/2020
18,F150,ADESA,3/6/2020
17,F150,ADESA,3/6/2020
18,F150,ADESA,3/6/2020
15,F150,ADESA,3/6/2020
17,F150,ADESA,3/6/2020
17,F150,ADESA,3/6/2020
17,F150,ADESA,3/6/2020
15,F150,ADESA,3/6/2020
17,F150,ADESA,3/6/2020
16,F150,ADESA,3/6/2020
17,F150,ADESA,3/6/2020
17,F150,ADESA,3/6/2020
18,F150,ADESA,3/2/2020
9,ML3,ONT CAR STORE,3/4/2020
8,MUSTANG,ALEXANDRIA,3/9/2020
15,SENTRA,ALEXANDRIA,3/9/2020
15,TIGUAN,ALEXANDRIA,3/9/2020
10,MALIBU,ALEXANDRIA,3/9/2020
11,VOLVO C30,ALEXANDRIA,3/9/2020
11,ESCAPE,TRADEREV,3/5/2020
12,FOCUS,TRADEREV,2/27/2020
15,F150,TRADEREV,3/2/2020
18,EDGE,TRADEREV,2/28/2020
8,F150,TRADEREV,3/2/2020
13,F150,TRADEREV,3/5/2020
12,EXPEDITION,TRADEREV,3/5/2020
12,ESCAPE,TRADEREV,3/5/2020
13,TRAX,TRADEREV,3/2/2020
18,F150,ADESA,3/13/2020
18,F150,ADESA,3/13/2020
18,F150,ADESA,3/13/2020
16,MKX,ADESA,3/13/2020
17,F150,ADESA,3/13/2020
17,F150,ADESA,3/13/2020
17,F150,ADESA,3/13/2020
16,F150,ADESA,3/13/2020
18,F150,ADESA,3/13/2020
18,F150,ADESA,3/13/2020
17,F150,ADESA,3/13/2020
17,F150,ADESA,3/13/2020
17,F150,ADESA,3/13/2020
16,F150,ADESA,3/13/2020
17,F150,ADESA,3/13/2020
18,F150,ADESA,3/9/2020
19,F150,ADESA,3/11/2020
13,EDGE,AUTO LEASING,3/9/2020
18,CAMRY,AUTO LEASING,3/9/2020
17,F150,PROGRESSIVE,2/13/2020
17,F150,PROGRESSIVE,3/13/2020
17,F150,PROGRESSIVE,3/13/2020
18,F150,PROGRESSIVE,3/13/2020
16,F150,PROGRESSIVE,3/13/2020
16,EXPLORER,PROGRESSIVE,3/13/2020
17,F150,PROGRESSIVE,3/13/2010
18,F150,PROGRESSIVE,3/13/2020
18,SIENNA,PRESTIGE,3/23/2020
18,CX5,PRESTIGE,3/23/2020
9,BMW 335I,PRESTIGE,3/23/2020
17,F150,PRESTIGE,3/23/2020
17,F150,ADESA,3/11/2020
19,F150,ADESA,3/20/2020
18,F150,ADESA,3/20/2020
18,F150,ADESA,3/20/2020
18,F150,ADESA,3/20/2020
18,F150,ADESA,3/20/2020
18,F150,ADESA,3/20/2020
18,F150,ADESA,3/20/2020
18,F150,ADESA,3/20/2020
19,F350,ADESA,3/20/2020
19,F350,ADESA,3/20/2020
16,F150,ADESA,3/20/2020
16,F150,ADESA,3/20/2020
16,F150,ADESA,3/20/2020
17,F150,ADESA,3/20/2020
18,F150,ADESA,3/20/2020
17,F150,ADESA,3/20/2020
17,F150,ADESA,3/20/2020
17,F150,ADESA,3/20/2020
17,F150,ADESA,3/20/2020
17,F150,ADESA,3/20/2020
18,EXPLORER,ADESA,3/20/2020
18,EXPLORER,ADESA,3/20/2020
16,EXPLORER,ADESA,3/20/2020
18,EXPLORER,ADESA,3/20/2020
3,ELEMENT,ALEXANDRIA,3/23/2020
6,DAKOTA,ALEXANDRIA,3/23/2020
13,JOURNEY,ALEXANDRIA,3/23/2020
11,TUCSON,ALEXANDRIA,3/23/2020
12,M35,ALEXANDRIA,3/23/2020
13,JOURNEY,ALEXANDRIA,3/23/2020
10,YARIS,ALEXANDRIA,3/23/2020
14,F350,ALEXANDRIA,3/23/2020
18,ELANTRA,PRESTIGE,
15,F350,PROGRESSIVE,
17,F150,PROGRESSIVE,
17,F150,PROGRESSIVE,
17,F150,PROGRESSIVE,
18,F150,PROGRESSIVE,
17,F150,PROGRESSIVE,
18,F150,PROGRESSIVE,
18,F150,PROGRESSIVE,
17,F150,PROGRESSIVE,
18,F150,PROGRESSIVE,
17,F150,PROGRESSIVE,
18,F150,PROGRESSIVE,
17,F150,PROGRESSIVE,
13,F150,WARRANTY AUTO,6/17/2020
13,EDGE,AUTO LEASING,3/9/2020
18,CAMRY,AUTO LEASING,3/9/2020
17,MKC,TRADEREV,3/12/2020
11,EDGE,TRADEREV,3/12/2020
16,FLEX,TRADEREV,3/12/2020
14,JOURNEY,TRADEREV,3/5/2020
18,RX350,TRADEREV,2/20/2020
14,EXPEDITION,WINFOOZ,3/13/2020
17,F150,AUTO LEASING,
17,F150,AUTO LEASING,
18,F150,AUTO LEASING,
15,F150,AUTO LEASING,
16,F150,AUTO LEASING,
18,F150,AUTO LEASING,
18,F150,AUTO LEASING,
18,F150,AUTO LEASING,
18,F150,MEDWAY IMPORTS,
16,F150,MEDWAY IMPORTS,
18,F150,MEDWAY IMPORTS,
18,F150,MEDWAY IMPORTS,
19,NAUTILUS,MEDWAY IMPORTS,
19,MKC,MEDWAY IMPORTS,
19,NAUTILUS,MEDWAY IMPORTS,
17,F150,MEDWAY IMPORTS,
17,F150,MEDWAY IMPORTS,
17,F150,MEDWAY IMPORTS,
18,F150,MEDWAY IMPORTS,
17,F150,MEDWAY IMPORTS,
17,F150,MEDWAY IMPORTS,
13,LR EVOGUE,TRADEREV,5/11/2020
14,SIERRA,TRADEREV,5/11/2020
17,F150,TRADEREV,5/16/2020
18,F150,TRADEREV,5/15/2020
17,F150,TRADEREV,5/14/2020
16,F150,TRADEREV,5/14/2020
18,F150,TRADEREV,5/14/2020
12,ESCAPE,AUTO LEASING,5/12/2020
11,ESCAPE,AUTO LEASING,5/12/2020
8,E450,SOCKET SCRAP,3/18/2020
7,ECONO CARGO,SOCKET SCRAP,3/18/2020
9,PILOT,SOCKET SCRAP,3/18/2020
7,MALIBU,SOCKET SCRAP,3/18/2020
5,BMW X5,SOCKET SCRAP,3/18/2020
13,F150,SOCKET SCRAP,3/18/2020
17,F150,TRADEREV,5/22/2020
16,F150,TRADEREV,5/22/2020
18,F150,TRADEREV,5/22/2020
14,F150,MEDWAY IMPORTS,
17,F150,MEDWAY IMPORTS,
16,F150,MEDWAY IMPORTS,
16,F150,MEDWAY IMPORTS,
17,F150,MEDWAY IMPORTS,
16,MUSTANG,MEDWAY IMPORTS,
19,EXPEDITION,EAST METRO,
17,MUSTANG,MEDWAY IMPORTS,
18,F150,MEDWAY IMPORTS,
16,F150,MEDWAY IMPORTS,
17,F150,PRESTIGE,5/29/2020
17,F150,PRESTIGE,5/29/2020
18,F150,PRESTIGE,5/29/2020
16,F150,PRESTIGE,5/29/2020
17,F150,PRESTIGE,5/29/2020
18,F150,PROGRESSIVE,5/29/2020
17,ESCAPE,PROGRESSIVE,5/29/2020
17,F150,PROGRESSIVE,5/29/2020
18,F150,PROGRESSIVE,5/29/2020
15,F150,EZEE WHEELS,
17,F150,EZEE WHEELS,
13,AUDI S6,ALEXANDRIA,5/27/2020
11,COOPER,ALEXANDRIA,5/27/2020
6,RIDGELINE,ALEXANDRIA,5/27/2020
12,AUDI Q5,CAR CONNECTION,6/1/2020
7,TORRENT,ALEXANDRIA,6/1/2020
14,SIERRA,ALEXANDRIA,6/1/2020
19,F150,MEDWAY IMPORTS,
17,F150,MEDWAY IMPORTS,
17,ESCAPE,AUTO LEASING,6/3/2020
16,FLEX,AUTO LEASING,6/3/2020
14,FOCUS,AUTO LEASING,6/3/2020
14,F150,AUTO LEASING,6/3/2020
11,FUSION,AUTO LEASING,6/3/2020
13,CARAVAN,AUTO LEASING,6/3/2020
17,F150,PROGRESSIVE,
17,F150,PROGRESSIVE,
17,EXPLORER,PROGRESSIVE,
18,F150,PROGRESSIVE,
17,F150,ADESA,6/5/2020
17,F150,ADESA,6/5/2020
17,F150,ADESA,6/5/2020
17,F150,ADESA,6/5/2020
17,F150,ADESA,6/5/2020
15,F150,ADESA,6/5/2020
17,F150,ADESA,6/5/2020
18,F150,ADESA,6/5/2020
18,F150,ADESA,6/5/2020
18,F150,ADESA,6/5/2020
18,F150,ADESA,6/5/2020
18,F150,ADESA,6/5/2020
19,F150,ADESA,6/5/2020
13,ELANTRA,ONT CAR STORE,6/6/2020
16,SIERRA,AUTO LEASING,
9,RDX,AUTO LEASING,5/8/2020
11,FUSION,AUTO LEASING,5/8/2020
14,JETTA,AUTO LEASING,
15,MKT,AUTO LEASING,5/21/2020
9,LANCER,AUTO LEASING,
15,PROMASTER,AUTO LEASING,
14,TIGUAN,AUTO LEASING,
9,ESCAPE,AUTO LEASING,
18,F150,AUTO LEASING,
18,SIERRA,AUTO LEASING,
14,F150,AUTO LEASING,
16,LR DISCOVERY,AUTO LEASING,
18,F150,MEDWAY IMPORTS,
18,F150,MEDWAY IMPORTS,
19,WRANGLER,MEDWAY IMPORTS,
17,F150,MEDWAY IMPORTS,
18,F150,MEDWAY IMPORTS,
17,F150,MEDWAY IMPORTS,
9,SAVANNA,AUTO LEASING,5/21/2020
15,RAM,AUTO LEASING,5/8/2020
9,JOURNEY,ALEXANDRIA,6/8/2020
12,FOCUS,ALEXANDRIA,6/8/2020
7,A3,ALEXANDRIA,6/8/2020
9,ACCORD,ALEXANDRIA,6/8/2020
11,ESCAPE,ALEXANDRIA,6/8/2020
7,ENTOURAGE,ALEXANDRIA,6/8/2020
10,EDGE,ALEXANDRIA,6/8/2020
9,CARAVAN,ALEXANDRIA,6/8/2020
11,EDGE,TRADEREV,6/8/2020
11,IMPREZA,TRADEREV,6/8/2020
10,F150,TRADEREV,6/8/2020
16,FUSION,TRADEREV,6/8/2020
16,EDGE,TRADEREV,6/8/2020
15,EDGE,TRADEREV,6/8/2020
11,LANCER,TRADEREV,6/8/2020
16,SPARK,TRADEREV,6/8/2020
11,ESCAPE,TRADEREV,6/8/2020
12,EXPLORER,TRADEREV,6/8/2020
12,ECONOLINE,TRADEREV,6/8/2020
17,F150,ADESA,6/12/2020
17,F150,ADESA,6/12/2020
17,F150,ADESA,6/12/2020
17,F150,ADESA,6/12/2020
17,F150,ADESA,6/12/2020
16,F150,ADESA,6/12/2020
18,F150,ADESA,6/12/2020
18,F150,ADESA,6/12/2020
18,F150,ADESA,6/12/2020
18,F150,ADESA,6/12/2020
18,F150,ADESA,6/12/2020
8,F550,AUTO CONNECT,
17,EDGE,TRADEREV,6/12/2020
14,428I,TRADEREV,6/12/2020
16,F150,TRADEREV,6/12/2020
17,FUSION,TRADEREV,6/12/2020
16,ESCAPE,TRADEREV,6/12/2020
16,MKC,TRADEREV,6/12/2020
12,GENESIS,TRADEREV,6/12/2020
5,MUSTANG,TRADEREV,6/12/2020
15,ACCORD,TRADEREV,6/12/2020
16,EXPLORER,TRADEREV,6/12/2020
8,MAZDA 3,TRADEREV,6/12/2020
6,ISUZU CUBE,AUTO LEASING,6/15/2020
14,F150,AUTO LEASING,6/15/2020
17,F150,ADESA,6/19/2020
17,F150,ADESA,6/19/2020
15,F150,ADESA,6/19/2020
15,F150,ADESA,6/19/2020
15,F150,ADESA,6/19/2020
16,F150,ADESA,6/19/2020
15,F150,ADESA,6/19/2020
17,F150,ADESA,6/19/2020
17,F150,ADESA,6/19/2020
17,F150,ADESA,6/19/2020
17,F150,ADESA,6/19/2020
17,F150,ADESA,6/19/2020
18,F150,ADESA,6/19/2020
18,F150,ADESA,6/19/2020
18,F150,DURHAM KIA,6/18/2020
18,F150,PROGRESSIVE,
17,F150,PROGRESSIVE,
15,CMAX HYBRID,TRADEREV,6/16/2020
14,FUSION,TRADEREV,6/17/2020
10,JOURNEY,TRADEREV,6/17/2020
7,SUZUKI VITARA,TRADEREV,6/17/2020
13,TITAN,TRADEREV,6/17/2020
15,ESCAPE,TRADEREV,6/17/2020
18,F150,AUTO CONNECT,6/19/2020
18,F150,MEDWAY IMPORTS,
18,F150,MEDWAY IMPORTS,
17,F150,MEDWAY IMPORTS,
19,EXPEDITION,MEDWAY IMPORTS,
18,F150,MEDWAY IMPORTS,
19,F150,MEDWAY IMPORTS,
17,F150,MEDWAY IMPORTS,
18,F150,MEDWAY IMPORTS,
11,COMPASS,ALEXANDRIA,6/23/2020
7,MAZDA 3,ALEXANDRIA,6/23/2020
14,RAM 1500,ALEXANDRIA,6/23/2020
15,FORTE,ALEXANDRIA,6/23/2020
9,C300,ALEXANDRIA,6/23/2020
7,DTS,ALEXANDRIA,6/23/2020
16,RAM 1500,TRADEREV,6/23/2020
17,ESCAPE,TRADEREV,6/23/2020
14,300,TRADEREV,6/23/2020
17,CARAVAN,TRADEREV,6/23/2020
10,GOLF GTI,TRADEREV,6/23/2020
8,BMW 335I,TRADEREV,6/23/2020
16,ESCAPE,TRADEREV,6/23/2020
16,CARAVAN,TRADEREV,6/23/2020
10,EDGE,ALEXANDRIA,
8,A4,ALEXANDRIA,
17,F150,ADESA,6/26/2020
17,F150,ADESA,6/26/2020
17,F150,ADESA,6/26/2020
15,F150,ADESA,6/26/2020
17,F150,ADESA,6/26/2020
16,F150,ADESA,6/26/2020
17,F150,ADESA,6/26/2020
16,F150,ADESA,6/26/2020
17,F150,ADESA,6/26/2020
14,MKX,ADESA,6/26/2020
18,F150,ADESA,6/26/2020
18,F150,ADESA,6/26/2020
18,F150,ADESA,6/26/2020
17,MKZ,MANHEIM,
16,PATHFINDER,MANHEIM,
17,F150,MANHEIM,
18,F150,MANHEIM,
6,MDX,ALEXANDRIA,
13,FUSION,ALEXANDRIA,
11,EXPLORER,AUTO LEASING,6/25/2020
15,MUSTANG,AUTO LEASING,7/3/2020
17,RAM 1500,AUTO LEASING,7/3/2020
16,ESCAPE,AUTO LEASING,7/3/2020
11,NAVIGATOR,TRADEREV,6/29/2020
7,FUSION,TRADEREV,6/30/2020
17,MALIBU,TRADEREV,6/29/2020
15,EDGE,TRADEREV,6/29/2020
9,TORRENT,TRADEREV,6/29/2020
6,MAZDA 3,TRADEREV,6/29/2020
14,BMW 328I,TRADEREV,6/29/2020
13,EDGE,TRADEREV,6/29/2020
15,EDGE,PRESTIGE,7/3/2020
13,J35,PRESTIGE,8/3/2020
19,JETTA,PRESTIGE,9/3/2020
18,F150,PRESTIGE,10/3/2020
10,COLORADO,PRESTIGE,11/3/2020
12,R35,PRESTIGE,12/3/2020
18,CIVIC,PRESTIGE,13-3-20
15,F150,ADESA,7/6/2020
18,F150,ADESA,7/6/2020
16,F150,ADESA,7/6/2020
17,F150,ADESA,7/6/2020
18,F150,ADESA,7/6/2020
17,F350,ADESA,7/6/2020
16,EDGE,ADESA,7/6/2020
18,F150,ADESA,7/6/2020
18,F150,ADESA,7/6/2020
19,RAM 1500,AUTO LEASING,7/6/2020
19,F150,MEDWAY IMPORTS,
19,F150,MEDWAY IMPORTS,
18,F150,MEDWAY IMPORTS,
19,F150,MEDWAY IMPORTS,
18,F150,MEDWAY IMPORTS,
14,EDGE,TRADEREV,7/7/2020
17,ESCAPE,TRADEREV,7/7/2020
15,ESCAPE,TRADEREV,7/7/2020
15,300C,TRADEREV,7/7/2020
8,MAZDA 3,TRADEREV,7/4/2020
12,X1,TRADEREV,7/4/2020
17,ESCAPE,TRADEREV,7/4/2020
16,MKZ,TRADEREV,7/4/2020
10,MKX,TRADEREV,7/4/2020
14,EDGE,TRADEREV,7/4/2020
18,F150,MEDWAY IMPORTS,
17,F150,MEDWAY IMPORTS,
18,F150,MEDWAY IMPORTS,
18,F150,MEDWAY IMPORTS,
19,F150,MEDWAY IMPORTS,
17,EXPLORER,ADESA,7/10/2020
17,F150,ADESA,7/10/2020
17,F150,ADESA,7/10/2020
17,F150,ADESA,7/10/2020
18,F150,ADESA,7/10/2020
16,F150,ADESA,7/10/2020
18,F150,ADESA,7/10/2020
16,F150,ADESA,7/10/2020
18,F150,ADESA,7/10/2020
18,F150,ADESA,7/10/2020
18,F150,ADESA,7/10/2020
17,F150,ADESA,7/10/2020
17,F150,ADESA,7/10/2020
19,F150,ADESA,7/10/2020
18,F150,PRESTIGE,7/8/2020
17,ESCAPE,PRESTIGE,7/8/2020
18,CIVIC,PRESTIGE,7/8/2020
11,RANGER,MEEROAUTO,
11,RANGER,MEEROAUTO,7/8/2020
10,RANGER,MEEROAUTO,
12,TRANSIT,MEEROAUTO,7/8/2020
13,ACURA TL,ALEXANDRIA,7/10/2020
15,FIESTA,ALEXANDRIA,7/10/2020
8,SPORTAGE,ALEXANDRIA,7/10/2020
9,F150,ALEXANDRIA,7/10/2020
9,CARAVAN,ALEXANDRIA,7/10/2020
11,MKX,ALEXANDRIA,7/10/2020
13,EDGE,TRADEREV,7/8/2020
11,ACADIA,TRADEREV,7/8/2020
13,EDGE,TRADEREV,7/8/2020
16,PATRIOT,AUTO LEASING,7/9/2020
14,EXPLORER,AUTO LEASING,7/9/2020
11,EDGE,AUTO LEASING,7/9/2020
17,RAM 1500,AUTO LEASING,7/9/2020
11,MUSTANG,AUTO LEASING,7/9/2020
16,EXPLORER,AUTO LEASING,7/9/2020
15,EDGE,TRADEREV,7/11/2020
16,CRV,TRADEREV,7/11/2020
12,EQUINOX,ALEXANDRIA,7/14/2020
17,F150,MEDWAY IMPORTS,
18,F150,MEDWAY IMPORTS,
18,F150,MEDWAY IMPORTS,
17,F150,MEDWAY IMPORTS,
16,F150,MEDWAY IMPORTS,
17,ESCAPE,TRADEREV,7/14/2020
11,BMW 328I,TRADEREV,7/14/2020
14,FOCUS,TRADEREV,7/14/2020
16,ROGUE,TRADEREV,7/14/2020
17,CHALLENGER,TRADEREV,7/14/2020
17,F150,ADESA,7/17/2020
17,F150,ADESA,7/17/2020
17,F150,ADESA,7/17/2020
18,F150,ADESA,7/17/2020
17,F150,ADESA,7/17/2020
17,F150,ADESA,7/17/2020
18,F150,ADESA,7/17/2020
17,F150,ADESA,7/17/2020
17,F150,ADESA,7/17/2020
19,F150,ADESA,7/17/2020
18,F150,ADESA,7/17/2020
18,EXPEDITION,TRADEREV,7/15/2020
18,F150,MEDWAY IMPORTS,
18,F150,MEDWAY IMPORTS,
18,F150,MEDWAY IMPORTS,
19,F150,MEDWAY IMPORTS,
18,F150,MEDWAY IMPORTS,
3,CORVETTE,TRADEREV,7/18/2020
17,ESCAPE,TRADEREV,7/18/2020
15,MURANO,TRADEREV,7/18/2020
15,TIGUAN,TRADEREV,7/18/2020
16,ELANTRA,TRADEREV,7/18/2020
13,F150,AUTO LEASING,7/22/2020
17,F150,AUTO LEASING,7/27/2020
11,F150,AUTO LEASING,7/27/2020
13,F150,AUTO LEASING,7/27/2020
13,F350,AUTO LEASING,7/22/2020
7,F150,AUTO LEASING,7/22/2020
11,F150,AUTO LEASING,7/27/2020
11,F150,AUTO LEASING,7/27/2020
7,ESCALADE,AUTO LEASING,7/22/2020
14,RAM 1500,AUTO LEASING,7/22/2020
15,FUSION,AUTO LEASING,7/22/2020
13,FORTE,ALEXANDRIA,7/23/2020
10,VERACRUZ,ALEXANDRIA,7/23/2020
12,ROGUE,ALEXANDRIA,7/23/2020
17,FUSION,ALEXANDRIA,
16,ESCAPE,ADESA,7/24/2020
17,F150,ADESA,7/24/2020
17,F150,ADESA,7/24/2020
18,F150,ADESA,7/24/2020
18,F150,ADESA,7/24/2020
17,F150,ADESA,7/24/2020
15,FLEX,ADESA,7/24/2020
18,F150,ADESA,7/24/2020
19,F150,ADESA,7/24/2020
18,F150,ADESA,7/24/2020
19,F150,ADESA,7/24/2020
19,F150,ADESA,7/24/2020
17,F150,ADESA,7/24/2020
17,F150,ADESA,7/24/2020
18,F150,ADESA,7/24/2020
19,NAVIGATOR,TRADEREV,7/22/2020
18,ELANTRA,TRADEREV,7/22/2020
17,RAV 4,TRADEREV,7/22/2020
15,OPTIMA,TRADEREV,7/22/2020
14,ECONOLINE,TRADEREV,7/22/2020
11,RANGE ROVER,TRADEREV,7/22/2020
16,SENTRA,TRADEREV,7/22/2020
12,F150,TRADEREV,7/22/2020
13,F150,TRADEREV,7/22/2020
16,F350,AUTO LEASING,8/5/2020
10,F150,TRADEREV,7/25/2020
13,ESCAPE,TRADEREV,7/25/2020
15,EXPLORER,TRADEREV,7/25/2020
16,F150,TRADEREV,7/25/2020
13,EDGE,TRADEREV,7/25/2020
11,CRUZE,TRADEREV,7/25/2020
15,SORENTO,TRADEREV,7/28/2020
17,EXPLORER,TRADEREV,7/28/2020
17,FUSION,TRADEREV,7/28/2020
16,ESCAPE,TRADEREV,7/28/2020
15,FOCUS,TRADEREV,7/28/2020
18,F150,ADESA,7/31/2020
18,F150,ADESA,7/31/2020
17,F150,ADESA,7/31/2020
18,T250,ADESA,7/31/2020
19,F150,ADESA,7/31/2020
19,F180,ADESA,7/31/2020
18,F150,ADESA,7/31/2020
18,F150,ADESA,7/31/2020
19,F150,ADESA,7/31/2020
19,F150,ADESA,7/31/2020
11,F150,MEEROAUTO,7/28/2020
12,MKZ,MEEROAUTO,7/28/2020
7,MKX,MEEROAUTO,7/28/2020
9,ESCAPE,MEEROAUTO,7/28/2020
10,TRANSIT,MEEROAUTO,7/28/2020
6,F250,MEEROAUTO,7/28/2020
17,F150,MANHEIM,7/17/2020
15,ESCAPE,MANHEIM,6/12/2020
18,F150,ADESA,8/7/2020
18,F150,ADESA,8/7/2020
18,F150,ADESA,8/7/2020
18,F150,ADESA,8/7/2020
17,F150,ADESA,8/7/2020
18,F150,ADESA,8/7/2020
17,F150,ADESA,8/7/2020
16,F150,ADESA,8/7/2020
18,F150,ADESA,8/7/2020
18,F150,ADESA,8/7/2020
18,F150,ADESA,8/7/2020
18,F150,ADESA,8/7/2020
18,F150,ADESA,8/7/2020
13,FOCUS,TRADEREV,8/5/2020
14,F150,TRADEREV,8/5/2020
17,CIVIC,TRADEREV,7/31/2020
19,NAVIGATOR,TRADEREV,7/31/2020
13,ESCAPE,TRADEREV,7/31/2020
9,EXPLORER,TRADEREV,7/31/2020
18,F150,TRADEREV,7/28/2020
13,EDGE,ALEXANDRIA,8/10/2020
12,F250,ALEXANDRIA,8/10/2020
10,F150,ALEXANDRIA,8/10/2020
13,F150,ALEXANDRIA,8/10/2020
11,MKX,ALEXANDRIA,8/10/2020
10,F150,ALEXANDRIA,8/10/2020
16,F150,ADESA,8/14/2020
16,F150,ADESA,8/14/2020
17,F150,ADESA,8/14/2020
17,F150,ADESA,8/14/2020
17,F150,ADESA,8/14/2020
17,F150,ADESA,8/14/2020
17,F150,ADESA,8/14/2020
18,F150,ADESA,8/14/2020
17,F150,ADESA,8/14/2020
17,F150,ADESA,8/14/2020
17,F150,ADESA,8/14/2020
16,F150,ADESA,8/14/2020
18,F150,ADESA,8/14/2020
17,F150,ADESA,8/14/2020
16,TRANSIT,ADESA,8/14/2020
18,F150,ADESA,8/14/2020
18,F150,ADESA,8/14/2020
19,F150,ADESA,8/14/2020
19,F150,ADESA,8/14/2020
18,F150,ADESA,8/14/2020
19,F150,MEDWAY IMPORTS,
18,F150,MEDWAY IMPORTS,
19,F150,MEDWAY IMPORTS,
19,F150,MEDWAY IMPORTS,
18,F150,MEDWAY IMPORTS,
16,MUSTANG,PLATINUM AUTO,8/18/2020
17,ESCAPE,TRADEREV,8/11/2020
13,FUSION,TRADEREV,8/7/2020
19,NAVIGATOR,TRADEREV,8/11/2020
16,JETTA,TRADEREV,8/17/2020
19,MAZDA 3,TRADEREV,8/11/2020
17,NAVIGATOR,TRADEREV,8/17/2020
16,EDGE,TRADEREV,8/17/2020
11,FRONTIER,ALEXANDRIA,8/19/2020
9,F150,ALEXANDRIA,8/19/2020
10,CARAVAN,ALEXANDRIA,8/19/2020
16,F150,ADESA,8/21/2020
16,F150,ADESA,8/21/2020
18,F150,ADESA,8/21/2020
18,F150,ADESA,8/21/2020
18,F150,ADESA,8/21/2020
18,F150,ADESA,8/21/2020
19,F350,ADESA,8/21/2020
18,F450,ADESA,8/21/2020
18,F150,ADESA,8/21/2020
18,F150,ADESA,8/21/2020
19,F150,ADESA,8/21/2020
19,F150,ADESA,8/21/2020
18,F150,ADESA,8/21/2020
17,F150,ADESA,8/21/2020
18,F150,ADESA,8/21/2020
17,F150,ADESA,8/21/2020
18,F150,ADESA,8/21/2020
18,F150,ADESA,8/21/2020
19,F150,ADESA,8/21/2020
18,F150,ADESA,8/28/2020
18,F150,ADESA,8/28/2020
17,F150,ADESA,8/28/2020
17,F150,ADESA,8/28/2020
17,F150,ADESA,8/28/2020
17,F150,ADESA,8/28/2020
19,F150,ADESA,8/28/2020
16,F250,ADESA,8/28/2020
18,F150,ADESA,8/28/2020
17,EXPEDITION,ADESA,8/28/2020
18,F150,ADESA,8/28/2020
18,F150,ADESA,8/28/2020
18,F150,ADESA,8/28/2020
19,F150,ADESA,8/28/2020
19,F150,ADESA,8/28/2020
18,F150,ADESA,8/28/2020
19,F150,ADESA,8/28/2020
19,F150,ADESA,8/28/2020
19,F150,ADESA,8/28/2020
18,F150,ADESA,8/28/2020
17,F150,ADESA,8/28/2020
17,F150,ADESA,8/28/2020
17,ESCAPE,TRADEREV,8/25/2020
20,ELANTRA,TRADEREV,8/25/2020
17,ESCAPE,TRADEREV,8/25/2020
17,ESCAPE,TRADEREV,8/25/2020
18,CIVIC,TRADEREV,8/19/2020
18,ACCORD,TRADEREV,8/11/2020
18,ACCORD,TRADEREV,8/22/2020
15,ODYSSEY,TRADEREV,8/22/2020
14,F150,TRADEREV,8/19/2020
15,F250,TRADEREV,8/19/2020
16,EXPLORER,TRADEREV,8/19/2020
17,ESCAPE,TRADEREV,8/22/2020
17,ESCAPE,TRADEREV,8/19/2020
14,SEQUOIA,TRADEREV,8/5/2020
16,RC 350,TRADEREV,8/25/2020
19,F150,MEDWAY IMPORTS,
17,F150,MEDWAY IMPORTS,
17,F150,MEDWAY IMPORTS,
19,EXPEDITION,MEDWAY IMPORTS,
19,EXPEDITION,MEDWAY IMPORTS,
15,WRANGLER,MEDWAY IMPORTS,
9,F150,AUTO LEASING,8/31/2020
8,NAVIGATOR,AUTO LEASING,8/31/2020
11,SENTRA,AUTO LEASING,8/31/2020
16,ACADIA,AUTO LEASING,8/31/2020
14,ESCAPE,AUTO LEASING,8/31/2020
14,EDGE,AUTO LEASING,8/31/2020
16,FOCUS,AUTO LEASING,8/31/2020
15,CARAVAN,AUTO LEASING,8/31/2020
12,PASSAT,AUTO LEASING,8/31/2020
18,ESCAPE,TRADEREV,9/1/2020
18,ESCAPE,TRADEREV,8/31/2020
17,ESCAPE,TRADEREV,8/29/2020
17,ESCAPE,TRADEREV,8/25/2020
15,RAM 1500,TRADEREV,8/29/2020
12,FIESTA,TRADEREV,8/29/2020
16,EDGE,TRADEREV,8/29/2020
16,ESCAPE,TRADEREV,8/29/2020
16,TRANSIT,TRADEREV,8/29/2020
17,EDGE,TRADEREV,8/31/2020
14,BMW 335I,TRADEREV,
17,CIVIC,TRADEREV,8/29/2020
17,FOCUS,TRADEREV,8/31/2020
17,TRANSIT,TRADEREV,8/29/2020
8,SPRINTER,TRADEREV,8/29/2020
17,ESCAPE,TRADEREV,8/31/2020
15,F150,ALEXANDRIA,9/8/2020
10,FLEX,ALEXANDRIA,9/8/2020
11,AVALANCHE,ALEXANDRIA,9/8/2020
16,PATHFINDER,ALEXANDRIA,9/8/2020
10,EDGE,ALEXANDRIA,9/8/2020
16,EXPEDITION,MEDWAY IMPORTS,
18,F150,MEDWAY IMPORTS,
18,F150,MEDWAY IMPORTS,
19,F150,MEDWAY IMPORTS,
19,MUSTANG,MEDWAY IMPORTS,
19,F150,MEDWAY IMPORTS,
16,F150,ADESA,9/4/2020
15,F150,ADESA,9/4/2020
17,F150,ADESA,9/4/2020
18,F150,ADESA,9/4/2020
17,F150,ADESA,9/4/2020
18,F150,ADESA,9/4/2020
18,F150,ADESA,9/4/2020
18,F150,ADESA,9/4/2020
16,F150,ADESA,9/4/2020
17,F150,ADESA,9/4/2020
17,F150,ADESA,9/4/2020
19,F150,ADESA,9/4/2020
16,TRANSIT,ADESA,9/4/2020
18,F150,ADESA,9/4/2020
18,F150,ADESA,9/4/2020
18,F150,ADESA,9/4/2020
18,F150,ADESA,9/4/2020
18,F150,ADESA,9/4/2020
18,F150,ADESA,9/4/2020
17,F150,ADESA,9/4/2020
17,F150,ADESA,9/4/2020
17,F150,ADESA,9/4/2020
18,F150,ADESA,9/4/2020
17,F150,ADESA,9/4/2020
15,F150,ADESA,9/4/2020
17,F150,ADESA,9/11/2020
17,F150,ADESA,9/11/2020
18,F150,ADESA,9/11/2020
18,F150,ADESA,9/11/2020
18,F150,ADESA,9/11/2020
17,F150,ADESA,9/11/2020
16,F150,ADESA,9/11/2020
18,F150,ADESA,9/11/2020
17,F150,ADESA,9/11/2020
17,F150,ADESA,9/11/2020
16,F150,ADESA,9/11/2020
19,F150,ADESA,9/11/2020
18,F150,ADESA,9/11/2020
15,F150,ADESA,9/11/2020
18,F150,ADESA,9/11/2020
19,F150,ADESA,9/11/2020
18,F150,ADESA,9/11/2020
18,F150,ADESA,
16,ESCAPE,PELLONI AUTO,8/18/2020
11,EXPLORER,AUTO LEASING,9/4/2020
14,C300,AUTO LEASING,9/4/2020
18,F150,ADESA,9/10/2020
14,BMW 335I,TRADEREV,9/9/2020
11,BMW X6,TRADEREV,9/12/2020
10,F150,TRADEREV,9/5/2020
16,GLE350,TRADEREV,9/5/2020
17,ESCAPE,TRADEREV,9/9/2020
13,EXPLORER,TRADEREV,9/5/2020
6,E-CLASS,TRADEREV,9/5/2020
13,LANCER,TRADEREV,9/12/2020
14,ESCAPE,TRADEREV,9/12/2020
14,TUNDRA,TRADEREV,9/12/2020
11,EDGE,TRADEREV,9/5/2020
18,ESCAPE,TRADEREV,9/9/2020
18,F150,MEDWAY IMPORTS,
18,WRANGLER,MEDWAY IMPORTS,
17,F150,MEDWAY IMPORTS,
18,F150,MEDWAY IMPORTS,
19,F150,MEDWAY IMPORTS,
19,EXPEDITION,EAST METRO,
18,F150,ADESA,9/21/2020
17,F150,ADESA,9/18/2020
17,F150,ADESA,9/18/2020
17,F150,ADESA,9/18/2020
18,F150,ADESA,9/18/2020
18,F150,ADESA,9/18/2020
17,F150,ADESA,9/18/2020
19,F150,ADESA,9/18/2020
17,F150,ADESA,9/18/2020
18,150,ADESA,9/18/2020
18,F150,ADESA,9/18/2020
17,F150,ADESA,9/18/2020
17,F150,ADESA,9/18/2020
19,F150,ADESA,9/18/2020
18,F150,ADESA,9/18/2020
18,F150,ADESA,9/18/2020
18,F150,ADESA,9/18/2020
11,TUCSON,ALEXANDRIA,9/16/2020
11,ESCAPE,ALEXANDRIA,9/16/2020
9,F150,ALEXANDRIA,9/16/2020
11,F150,ALEXANDRIA,9/16/2020
11,ESCAPE,ALEXANDRIA,9/16/2020
8,CHARGER,ALEXANDRIA,9/16/2020
19,HIGHLANDER,AUTO LEASING,9/10/2020
17,F150,AUTO LEASING,9/11/2020
16,F150,ADESA,9/25/2020
18,F150,ADESA,9/25/2020
17,F150,ADESA,9/25/2020
16,F150,ADESA,9/25/2020
16,F150,ADESA,9/25/2020
17,F150,ADESA,9/25/2020
17,F150,ADESA,9/25/2020
18,F150,ADESA,9/25/2020
18,F150,ADESA,9/25/2020
18,F150,ADESA,9/25/2020
18,F150,ADESA,9/25/2020
18,F150,ADESA,9/25/2020
19,F150,ADESA,9/25/2020
18,F150,ADESA,9/25/2020
18,F150,ADESA,9/25/2020
18,F150,ADESA,9/25/2020
15,HIGHLANDER,TRADEREV,9/5/2020
19,TUCSON,TRADEREV,9/18/2020
18,TIGUAN,TRADEREV,9/17/2020
18,EXPRESS,TRADEREV,9/17/2020
17,EXPLORER,TRADEREV,9/17/2020
13,SANTA FE,TRADEREV,9/17/2020
11,SANTA FE,TRADEREV,9/17/2020
14,F150,TRADEREV,9/17/2020
17,TRANSIT,TRADEREV,9/5/2020
15,EXPRESS,TRADEREV,9/5/2020
12,F350,AUTO LEASING,9/24/2020
14,EDGE,AUTO LEASING,9/24/2020
10,EDGE,AUTO LEASING,9/17/2020
3,CORVETTE,AUTO LEASING,9/17/2020
17,F150,AUTO LEASING,9/17/2020
15,RAM 1500,AUTO LEASING,9/17/2020
8,SEQUOIA,ALEXANDRIA,9/29/2020
12,CIVIC,ALEXANDRIA,9/29/2020
7,F150,ALEXANDRIA,9/29/2020
6,F150,ALEXANDRIA,9/29/2020
10,F150,ALEXANDRIA,9/29/2020
16,IMPREZA,PRESTIGE,10/1/2020
16,FOCUS,PRESTIGE,10/1/2020
16,PILOT,PRESTIGE,10/1/2020
18,CIVIC,PRESTIGE,10/1/2020
16,CIVIC,PRESTIGE,10/1/2020
14,SANTA FE,PRESTIGE,10/1/2020
17,CRV,PRESTIGE,10/1/2020
15,F150,PRESTIGE,10/1/2020
6,BMW Z4,TRADEREV,9/26/2020
17,EXPLORER,TRADEREV,9/24/2020
17,ESCAPE,TRADEREV,9/29/2020
18,F150,TRADEREV,9/26/2020
17,EXPLORER,TRADEREV,9/29/2020
17,FUSION,TRADEREV,9/29/2020
10,FUSION,TRADEREV,9/29/2020
7,MUSTANG,TRADEREV,9/24/2020
12,SEDONA,TRADEREV,9/26/2020
13,TERRAIN,TRADEREV,9/24/2020
15,EXPLORER,TRADEREV,9/26/2020
15,EDGE,TRADEREV,9/24/2020
15,FOCUS,TRADEREV,9/26/2020
15,ELANTRA,TRADEREV,9/26/2020
13,EXPLORER,TRADEREV,9/26/2020
13,EXPLORER,TRADEREV,9/26/2020
15,ESCAPE,TRADEREV,9/24/2020
16,NAVIGATOR,TRADEREV,9/12/2020
13,EDGE,TRADEREV,9/30/2020
16,EXPLORER,TRADEREV,9/30/2020
13,EDGE,TRADEREV,9/30/2020
17,EXPLORER,TRADEREV,9/30/2020
15,ESCAPE,TRADEREV,9/30/2020
12,A5,TRADEREV,9/30/2020
18,EXPLORER,TRADEREV,9/30/2020
17,FUSION,TRADEREV,9/30/2020
17,EXPLORER,TRADEREV,9/30/2020
17,FUSION,TRADEREV,9/30/2020
7,SPECTRA 5,TRADEREV,9/30/2020
16,JOURNEY,TRADEREV,10/3/2020
18,FOCUS,TRADEREV,10/3/2020
17,MUSTANG,TRADEREV,9/30/2020
19,RANGER,MEDWAY IMPORTS,
19,F250,MEDWAY IMPORTS,
18,F150,MEDWAY IMPORTS,
18,F150,MEDWAY IMPORTS,
18,F150,MEDWAY IMPORTS,
18,F150,MEDWAY IMPORTS,
17,EXPLORER,MEDWAY IMPORTS,
18,F150,MEDWAY IMPORTS,
17,F150,MEDWAY IMPORTS,
17,F150,MEDWAY IMPORTS,
18,F150,MEDWAY IMPORTS,
17,F150,MEDWAY IMPORTS,
17,F150,ADESA,10/9/2020
18,F150,ADESA,10/9/2020
17,F150,ADESA,10/9/2020
16,F150,ADESA,10/9/2020
19,F150,ADESA,10/9/2020
18,F150,ADESA,10/9/2020
18,F150,ADESA,10/9/2020
18,F150,ADESA,10/9/2020
19,F150,ADESA,10/9/2020
18,F150,ADESA,10/9/2020
18,F150,ADESA,10/9/2020
18,F150,ADESA,10/9/2020
18,F150,ADESA,10/9/2020
16,F150,ADESA,10/9/2020
17,F150,ADESA,10/9/2020
15,RAM 1500,TRADEREV,10/8/2020
17,CARAVAN,TRADEREV,10/8/2020
14,F150,TRADEREV,10/8/2020
16,ROGUE,TRADEREV,10/8/2020
8,SAVANA,TRADEREV,10/8/2020
4,SIERRA,TRADEREV,10/8/2020
11,0 F250,TRADEREV,10/8/2020
12,F150,TRADEREV,10/3/2020
17,EXPLORER,ADESA,10/16/2020
18,EXPLORER,ADESA,10/16/2020
18,F150,ADESA,10/16/2020
11,F150,ADESA,10/16/2020
17,F150,ADESA,10/16/2020
18,F150,ADESA,10/16/2020
18,F150,ADESA,10/16/2020
18,F150,ADESA,10/16/2020
19,F150,ADESA,10/16/2020
17,EXPLORER,TRADEREV,10/13/2020
13,F150,TRADEREV,10/10/2020
15,ESCAPE,TRADEREV,10/13/2020
14,SANTA FE,TRADEREV,10/13/2020
15,SONATA,TRADEREV,10/13/2020
10,F150,TRADEREV,10/14/2020
18,RAPTOR,MEDWAY IMPORTS,
19,F150,MEDWAY IMPORTS,
18,F150,MEDWAY IMPORTS,
20,F150,MEDWAY IMPORTS,
16,F150,MEDWAY IMPORTS,
19,F150,MEDWAY IMPORTS,
18,F150,MEDWAY IMPORTS,
18,F150,MEDWAY IMPORTS,
16,F150,MEDWAY IMPORTS,
18,F150,MEDWAY IMPORTS,
18,F150,MEDWAY IMPORTS,
17,F150,MEDWAY IMPORTS,
18,F150,MEDWAY IMPORTS,
18,F150,MEDWAY IMPORTS,
19,F150,MEDWAY IMPORTS,
10,F150,ALEXANDRIA,10/20/2020
10,F150,ALEXANDRIA,10/20/2020
12,SILVERADO,ALEXANDRIA,10/20/2020
13,SONATA,ALEXANDRIA,10/20/2020
13,EXPLORER,ALEXANDRIA,10/20/2020
13,F150,ALEXANDRIA,10/20/2020
13,F150,ALEXANDRIA,10/20/2020
12,EXPLORER,ALEXANDRIA,10/20/2020
13,ACADIA,ALEXANDRIA,10/20/2020
15,F150,AUTO LEASING,10/19/2020
16,CHEROKEE,AUTO LEASING,10/19/2020
15,TRANSIT,AUTO LEASING,10/19/2020
17,EXPLORER,ADESA,10/23/2020
18,F150,ADESA,10/23/2020
18,F150,ADESA,10/23/2020
17,F150,ADESA,10/23/2020
18,F150,ADESA,10/23/2020
18,F150,ADESA,10/23/2020
17,F150,ADESA,10/23/2020
17,F250,ADESA,10/23/2020
18,F150,ADESA,10/23/2020
17,F150,ADESA,10/23/2020
18,F150,ADESA,10/23/2020
18,F150,ADESA,10/23/2020
18,F150,ADESA,10/23/2020
11,TUCSON,ALEXANDRIA,10/26/2020
11,SONATA,ALEXANDRIA,10/26/2020
11,MERCEDES,ALEXANDRIA,10/26/2020
14,F150,ALEXANDRIA,10/26/2020
20,20 RAV 4,TRADEREV,10/17/2020
18,FORESTER,TRADEREV,10/20/2020
18,SENTRA,TRADEREV,10/17/2020
15,ROGUE,TRADEREV,10/20/2020
10,F150,TRADEREV,10/17/2020
11,MERCEDES,TRADEREV,10/20/2020
9,ACCORD,TRADEREV,10/17/2020
12,RVR,TRADEREV,10/20/2020
12,EDGE,TRADEREV,10/20/2020
12,SONATA,TRADEREV,10/20/2020
13,BMW M5,TRADEREV,10/17/2020
16,FUSION,TRADEREV,10/21/2020
19,F150,MEDWAY IMPORTS,
19,F150,MEDWAY IMPORTS,
18,F150,MEDWAY IMPORTS,
18,F150,MEDWAY IMPORTS,
14,WRANGLER,MEDWAY IMPORTS,
18,F150,MEDWAY IMPORTS,
5,F150,ALEXANDRIA,10/30/2020
9,ECONO VAN,ALEXANDRIA,10/30/2020
3,CELICA,ALEXANDRIA,10/30/2020
8,SANTA FE,ALEXANDRIA,10/30/2020
13,CONNECT,ALEXANDRIA,10/30/2020
7,MAZDA 3,ALEXANDRIA,10/30/2020
14,RAM 1500,AUTO LEASING,10/27/2020
17,SILVERADO,AUTO LEASING,10/27/2020
19,F150,AUTO LEASING,10/27/2020
18,COLORADO,AUTO LEASING,10/27/2020
19,F150,ADESA,10/30/2020
14,F150,ADESA,10/30/2020
16,T250,ADESA,10/30/2020
18,F150,ADESA,10/30/2020
18,F150,ADESA,10/30/2020
19,F150,ADESA,10/30/2020
18,F150,ADESA,10/30/2020
18,F150,ADESA,10/30/2020
16,FUSION,ADESA,10/30/2020
16,EDGE,TRADEREV,10/24/2020
15,CIVIC,TRADEREV,10/24/2020
7,TAURUS,TRADEREV,10/24/2020
16,FUSION,TRADEREV,10/24/2020
13,F150,TRADEREV,10/24/2020
15,FUSION,TRADEREV,10/27/2020
11,MERCEDES,TRADEREV,10/27/2020
17,ESCAPE,TRADEREV,10/27/2020
15,TACOMA,TRADEREV,10/27/2020
17,COROLLA,TRADEREV,6/29/2020
14,FLEX,AUTO LEASING,10/28/2020
12,JOURNEY,AUTO LEASING,10/28/2020
17,EXPLORER,AUTO LEASING,10/28/2020
17,F150,ADESA,11/6/2020
16,F150,ADESA,11/6/2020
19,F350,ADESA,11/6/2020
16,F350,ADESA,11/6/2020
18,F150,ADESA,11/6/2020
19,F150,ADESA,11/6/2020
14,RONDO,TRADEREV,10/31/2020
13,CARAVAN,TRADEREV,10/31/2020
12,MUSTANG,TRADEREV,10/27/2020
20,F250,MEDWAY IMPORTS,
18,WRANGLER,MEDWAY IMPORTS,
18,F150,MEDWAY IMPORTS,
20,RANGER,MEDWAY IMPORTS,
20,RANGER,MEDWAY IMPORTS,
20,NAVIGATOR,MEDWAY IMPORTS,
9,ODYSSEY,TRADEREV,11/6/2020
13,ML350,TRADEREV,11/2/2020
16,EDGE,TRADEREV,11/5/2020
12,EQUINOX,TRADEREV,11/5/2020
15,ALTIMA,TRADEREV,11/5/2020
17,FUSION,TRADEREV,11/5/2020
17,FUSION,TRADEREV,11/5/2020
19,F150,MEDWAY IMPORTS,
18,F150,MEDWAY IMPORTS,
18,F150,MEDWAY IMPORTS,
18,F150,MEDWAY IMPORTS,
18,F150,MEDWAY IMPORTS,
20,F150,MEDWAY IMPORTS,
19,F150,MEDWAY IMPORTS,
18,F150,MEDWAY IMPORTS,
20,F150,MEDWAY IMPORTS,
20,AVIATOR,MEDWAY IMPORTS,
18,F150,MEDWAY IMPORTS,
17,EDGE,S&D MOTOR,11/12/2020
11,BMW 28X,S&D MOTOR,11/12/2020
16,FOCUS,S&D MOTOR,11/12/2020
17,ESCAPE,S&D MOTOR,11/12/2020
18,CAMRY,TRADEREV,11/9/2020
5,FX35,TRADEREV,11/9/2020
17,EDGE,TRADEREV,11/9/2020
5,EXPRESS,TRADEREV,11/9/2020
13,NV200,TRADEREV,11/9/2020
15,SUBURBAN,TRADEREV,10/27/2020
18,EXPLORER,ADESA,11/13/2020
18,EXPLORER,ADESA,11/13/2020
17,F150,ADESA,11/13/2020
18,F150,ADESA,11/13/2020
18,F150,ADESA,11/13/2020
19,F250,ADESA,11/13/2020
18,F150,ADESA,11/13/2020
19,F150,MEDWAY IMPORTS,
19,F150,MEDWAY IMPORTS,
18,F150,MEDWAY IMPORTS,
20,NAVIGATOR,MEDWAY IMPORTS,
18,F150,MEDWAY IMPORTS,
7,DAVIDSON,PRIME LINE AUTO,11/13/2020
18,F150,ADESA,11/16/2020
19,F150,ADESA,11/20/2020
19,F150,ADESA,11/20/2020
18,F150,ADESA,11/20/2020
15,TRANSIT,ADESA,11/20/2020
15,SILVERADO,ADESA,11/20/2020
19,F150,ADESA,11/20/2020
19,F150,ADESA,11/20/2020
18,F150,ADESA,11/20/2020
11,CRUZE,LGT AUTO,
9,ESCAPE,JM FINE AUTO,11/17/2020
6,ODYSSEY,JM FINE AUTO,11/17/2020
12,F150,JM FINE AUTO,11/17/2020
19,HIGHLANDER,AUTO LEASING,10/30/2020
16,CARAVAN,AUTO LEASING,10/30/2020
6,NAVIGATOR,TRADEREV,11/13/2020
2,BMW X5,TRADEREV,11/13/2020
10,ACADIA,TRADEREV,11/13/2020
15,F150,TRADEREV,11/13/2020
14,VENZA,TRADEREV,11/13/2020
16,SPRINTER,TRADEREV,11/13/2020
17,ESCAPE,TRADEREV,11/18/2020
17,CARAVAN,TRADEREV,11/18/2020
16,RAV4,TRADEREV,11/18/2020
13,EDGE,TRADEREV,11/18/2020
17,ESCAPE,AUTOMANIA,11/21/2020
19,F150,ADESA,11/18/2020
3,ESCAPE,SOCKET SCRAP,11/20/2020
10,COBALT,SOCKET SCRAP,11/20/2020
8,SAVANA,SOCKET SCRAP,11/20/2020
13,PASSAT,SOCKET SCRAP,11/20/2020
7,MAZDA 3,SOCKET SCRAP,11/22/2020
8,ESCAPE,SOCKET SCRAP,11/22/2020
3,LIBERTY,SOCKET SCRAP,11/22/2020
95,F350,SOCKET SCRAP,11/22/2020
2,F150,SOCKET SCRAP,11/22/2020
,,,
,,,
,,,
,,,
,,,
,,,
,,,
,,,
,,,
,,,
,,,
,,,
,,,
,,,
,,,
,,,
,,,
,,,
,,,
,,,
,,,
,,,
,,,
,,,
,,,
,,,
,,,
,,,
,,,
,,,
,,,
,,,
,,,
,,,
,,,
,,,
,,,
,,,
,,,
,,,
,,,
,,,
,,,
,,,
,,,
,,,
,,,
,,,
,,,
,,,
16,JETTA,TRADEREV,
,,,
,,,
,,,
,,,
,,,
,,,
12,F150,AUTO LEASING,
